veh id,manufacturer,nameplate,model,CVCM class,EPA class,fleet type,fuel type,footprint,baseline price,baseline mpg,baseline sales,predicted mpg
1,HONDA,Acura,MDX 4WD,11,SUV,T,G,50.8,45706.2,22.0527,57380,23.0111
2,HONDA,Acura,RDX,11,SUV,T,G,45.1,34588.2,24.1745,21271,26.4577474856571
3,HONDA,Acura,RL,4,MIDSIZE CARS,C,G,47.6,47934.9,24.5629,5132,23.7738
4,HONDA,Acura,TL,4,MIDSIZE CARS,C,G,47.8,35217.8162200282,27.0682371334018,56720,26.8841916376939
5,HONDA,Acura,TSX,3,COMPACT CARS,C,G,46,29483.1,29.8551728111155,21996,31.8716533652926
6,Aston Martin,Aston Martin,DB9,19,SUBCOMPACT CARS,C,G,46.1572222222222,175064.842105263,16.8501849083327,323,19.5372733708416
7,Aston Martin,Aston Martin,V8 Vantage,19,COMPACT CARS,C,G,43.9539930555556,113526,19.5327983951856,1047,19.9796168896723
8,VOLKSWAGEN,Audi,A3,8,SMALL STATION WAGONS,C,G,42.1888291666667,27239.1,32.2334117402585,4696,37.9511869723953
9,VOLKSWAGEN,Audi,A3 Quattro,3,SMALL STATION WAGONS,C,G,42.1888291666667,36403.8,27.2385,682,30.9119
10,VOLKSWAGEN,Audi,A4,3,COMPACT CARS,C,G,43.1208125,30402.7491742187,31.7139140556765,11807,34.1144
11,VOLKSWAGEN,Audi,A4 Avant Quattro,3,SMALL STATION WAGONS,C,G,43.1208125,33870.7226524685,28.8484909551181,3099,30.2463
12,VOLKSWAGEN,Audi,A4 Cabriolet,2,SUBCOMPACT CARS,C,G,43.1208125,41335.5,31.8203,2166,34.1144
13,VOLKSWAGEN,Audi,A4 Cabriolet Quattro,2,SUBCOMPACT CARS,C,G,43.1208125,44924.7703583062,28.0773847275554,2763,29.9422
14,VOLKSWAGEN,Audi,A4 Quattro,3,COMPACT CARS,C,G,43.1208125,32875.3295672974,28.8093895808131,23411,30.6411709846895
15,VOLKSWAGEN,Audi,A5 Quattro,2,SUBCOMPACT CARS,C,G,46.8923958333333,41488.5,26.6830195880222,1817,30.1053428423456
16,VOLKSWAGEN,Audi,A6,4,MIDSIZE CARS,C,G,49.4202041666667,44599.5,27.8168,2390,28.184
17,VOLKSWAGEN,Audi,A6 Avant Quattro,4,MIDSIZE STATION WAGONS,C,G,49.4202041666667,50770.5,25.4028,1118,26.2052
18,VOLKSWAGEN,Audi,A6 Quattro,4,MIDSIZE CARS,C,G,49.4202041666667,49079.8886205485,25.6117160817217,12215,26.1370370578263
19,VOLKSWAGEN,Audi,A8,4,MIDSIZE CARS,C,G,51.1891666666667,72894.3,23.8878,509,23.784
20,VOLKSWAGEN,Audi,A8 L,19,LARGE CARS,C,G,51.1891666666667,78376.3644324324,23.7234164118934,1850,23.784
21,VOLKSWAGEN,Audi,Q7,11,SUV,T,G,54.0703575697424,50321.6350131267,20.0465749210163,15617,21.8339059845775
22,VOLKSWAGEN,Audi,R8,19,TWO SEATERS,C,G,46.5862430555556,112200,18.8539110154616,572,18.0917218486494
23,VOLKSWAGEN,Audi,S4,3,COMPACT CARS,C,G,43.2555666666667,51206.0272933182,20.3659867719768,883,25.9902709382935
24,VOLKSWAGEN,Audi,S4 Cabriolet,2,SUBCOMPACT CARS,C,G,43.2555666666667,59512.793814433,20.3931798876735,291,24.7961
25,VOLKSWAGEN,Audi,S5,2,SUBCOMPACT CARS,C,G,46.8923958333333,52300.5,21.502279255361,1340,23.2283111649543
26,VOLKSWAGEN,Audi,S6,4,MIDSIZE CARS,C,G,49.4202041666667,74587.5,20.4789,928,20.4789
27,VOLKSWAGEN,Audi,TT Coupe,2,SUBCOMPACT CARS,C,G,40.2471805555556,39143.6264367816,30.1490827838749,4437,31.6158
28,VOLKSWAGEN,Audi,TT Roadster,1,TWO SEATERS,C,G,40.2471805555556,41736.5820189274,29.3041742909264,3487,31.6158
29,VOLKSWAGEN,Bentley,Azure,19,COMPACT CARS,C,G,53.7920208333333,339236.7,14.4485,127,14.4504
30,VOLKSWAGEN,Bentley,Continental Flying Spur,19,MIDSIZE CARS,C,G,47.7441666666667,179713.8,15.7646,688,15.8042
31,VOLKSWAGEN,Bentley,Continental GT,19,COMPACT CARS,C,G,47.7441666666667,182156.7,16.1613,710,16.1613
32,VOLKSWAGEN,Bentley,Continental GTC,19,SUBCOMPACT CARS,C,G,47.7441666666667,200516.7,15.7646,1671,15.8042
33,BMW,BMW,128i,2,SUBCOMPACT CARS,C,G,42.9,30625.5,28.6159093554985,2445,28.196747935557
34,BMW,BMW,128i Convertible,2,SUBCOMPACT CARS,C,G,42.9,35317.5,27.7764024219943,3745,27.7583404653109
35,BMW,BMW,135i,2,SUBCOMPACT CARS,C,G,42.9,37153.5,26.4149794522935,3025,26.840963746095
36,BMW,BMW,135i Convertible,2,SUBCOMPACT CARS,C,G,42.9,41539.5,26.4544897296079,2672,26.3415787948888
37,BMW,BMW,328Ci,2,SUBCOMPACT CARS,C,G,44.8,36796.5,28.6315291980355,7822,28.1779932214969
38,BMW,BMW,328Ci Convertible,2,SUBCOMPACT CARS,C,G,44.8,44854.5,27.5892836895614,10389,27.6784538629104
39,BMW,BMW,328CXi,2,SUBCOMPACT CARS,C,G,44.8,38632.5,26.3290617901946,4122,26.3447908878922
40,BMW,BMW,328i,3,COMPACT CARS,C,G,44.8,33838.5,28.6406187490978,41659,28.1669234462417
41,BMW,BMW,328i sport wagon,3,SMALL STATION WAGONS,C,G,44.8,35674.5,27.5228016420877,607,27.5161041693919
42,BMW,BMW,328Xi,3,COMPACT CARS,C,G,44.8,35776.5,26.3753879738351,16031,26.3808004987335
43,BMW,BMW,328Xi sport wagon,3,SMALL STATION WAGONS,C,G,44.8,37612.5,26.3260895586061,1108,26.2820937270051
44,BMW,BMW,335Ci,2,SUBCOMPACT CARS,C,G,44.8,42406.5,26.4654866772811,7519,26.3610069825408
45,BMW,BMW,335Ci Convertible,2,SUBCOMPACT CARS,C,G,44.8,50872.5,26.4524501241213,9926,26.3354778709187
46,BMW,BMW,335CXi,2,SUBCOMPACT CARS,C,G,44.8,44242.5,25.5802507336824,4156,25.4368619889094
47,BMW,BMW,335i,3,COMPACT CARS,C,G,44.8,40468.5,26.4516955599627,12297,26.3400720665281
48,BMW,BMW,335Xi,3,COMPACT CARS,C,G,44.8,42406.5,25.5625063346397,5720,25.4419202393659
49,BMW,BMW,528i,4,MIDSIZE CARS,C,G,48.8,45976.5,27.699517560312,26596,27.7229363238647
50,BMW,BMW,528Xi,4,MIDSIZE CARS,C,G,48.8,48220.5,26.4238285971024,12242,26.4277473494919
51,BMW,BMW,535i,4,MIDSIZE CARS,C,G,48.8,51178.5,26.4462335193592,17581,26.331575664089
52,BMW,BMW,535Xi,4,MIDSIZE CARS,C,G,48.8,53422.5,25.5407052583727,13104,25.4543267339765
53,BMW,BMW,535Xi sport wagon,4,MIDSIZE STATION WAGONS,C,G,48.7,55870.5,24.7036799729845,2360,24.7118304506334
54,BMW,BMW,550i,4,MIDSIZE CARS,C,G,48.8,60460.5,23.1216623664549,7512,23.2005068778937
55,BMW,BMW,650Ci,19,SUBCOMPACT CARS,C,G,47.1,76984.5,23.1149420982724,1956,23.2221247980617
56,BMW,BMW,650Ci Convertible,19,SUBCOMPACT CARS,C,G,47.1,84124.5,22.99225143361,4096,22.8903833421536
57,BMW,BMW,750i,19,LARGE CARS,C,G,51,78106.5,23.1018,3060,22.1784
58,BMW,BMW,750Li,19,LARGE CARS,C,G,53.4,81268.5,23.1018,10432,21.4734
59,BMW,BMW,760Li,19,LARGE CARS,C,G,53.4,125842.5,19.5981,107,19.7983
60,BMW,BMW,M3,3,COMPACT CARS,C,G,45.7,54876,20.8118090814362,1984,20.699255927782
61,BMW,BMW,M3 Convertible,2,SUBCOMPACT CARS,C,G,45.7,66249,20.1809282740021,2319,20.2198412547399
62,BMW,BMW,M3 Coupe,2,SUBCOMPACT CARS,C,G,45.7,57630,20.7589179714886,3551,20.703877336185
63,BMW,BMW,M5,19,MIDSIZE CARS,C,G,48.9,85348.5,16.3498758000321,2666,16.4061059835584
64,BMW,BMW,M6,19,SUBCOMPACT CARS,C,G,47.2,102076.5,16.3551090709906,591,16.4161948527242
65,BMW,BMW,M6 Convertible,19,SUBCOMPACT CARS,C,G,47.2,107992.5,16.3247163092724,956,16.3372512757468
66,BMW,BMW,X3 3.0si,11,SUV,T,G,46.1,39550.5,25.4164189350004,21033,25.4166675095145
67,BMW,BMW,X5 3.0si,11,SUV,T,G,52,47608.5,22.8058,25328,22.8058
68,BMW,BMW,X5 4.8i,11,SUV,T,G,52,56380.5,20.1373,11081,20.1874
69,BMW,BMW,X6 xDrive35i,11,SUV,T,G,52.9,53550,21.4713,3238,22.2301
70,BMW,BMW,X6 xDrive50i,11,SUV,T,G,52.9,64260,18.5857,644,18.9099
71,BMW,BMW,Z4 3.0,1,TWO SEATERS,C,G,40.2,40267.9126394052,28.6187212269641,5380,28.2023001041742
72,BMW,BMW,Z4 M,1,TWO SEATERS,C,G,40.3,52611.6,23.3905,500,25.9535380593572
73,Volkswagen,Bugatti,Veyron,19,LARGE CARS,C,G,50.9047916666667,1734000,12,18,12.0228
74,GENERAL MOTORS,Buick,Enclave AWD,11,SUV,T,G,55.6,36607.8,22.068,27656,22.9863
75,GENERAL MOTORS,Buick,Enclave FWD,11,SUV,T,G,55.6,34567.8,24.5122,35589,24.7831
76,GENERAL MOTORS,Buick,LaCrosse/Allure,9,MIDSIZE CARS,C,G,48.4,25932.5220776435,25.5775703542229,41961,26.0605276182548
77,GENERAL MOTORS,Buick,Lucerne,5,LARGE CARS,C,G,50.4,29554.5237578838,25.4030735873884,66117,26.1328708007009
78,GENERAL MOTORS,Cadillac,CTS,4,MIDSIZE CARS,C,G,49,33649.8,25.7045156944083,42094,26.9667269020932
79,GENERAL MOTORS,Cadillac,CTS AWD,4,MIDSIZE CARS,C,G,49,36913.8,22.8212684006037,20849,26.2019457234351
80,GENERAL MOTORS,Cadillac,DTS,5,LARGE CARS,C,G,49.9,46195.8,23.1788,40809,23.1947
81,GENERAL MOTORS,Cadillac,Escalade 2WD,11,SUV,T,G,54.4,56752.8,18.3485,7867,20.9917
82,GENERAL MOTORS,Cadillac,Escalade AWD,11,SUV,T,G,54.4,59358.9,18.2804,22340,20.5816
83,GENERAL MOTORS,Cadillac,Escalade ESV 2WD,11,SUV,T,G,61,60577.8,18.3485,1303,20.9917
84,General Motors,Cadillac,Funeral Coach/Hearse,5,LARGE CARS,C,G,50.0933333333333,51688.5,18.413,967,18.3084
85,General Motors,Cadillac,Limousine,5,LARGE CARS,C,G,50.0933333333333,51688.5,18.1635,664,18.3084
86,GENERAL MOTORS,Cadillac,SRX 2WD,11,SUV,T,G,50.2,38550.0130434783,21.4001451660065,8510,24.3694519707538
87,GENERAL MOTORS,Cadillac,SRX AWD,11,SUV,T,G,50.2,45824.4067004169,20.8709811366715,13432,22.8018218212672
88,GENERAL MOTORS,Cadillac,STS,4,MIDSIZE CARS,C,G,50.1,57228.4715040973,24.4710070260594,11349,26.2327549396811
89,GENERAL MOTORS,Cadillac,STS AWD,4,MIDSIZE CARS,C,G,50.1,46954.1339494163,24.1538049463435,6168,26.1114008626248
90,GENERAL MOTORS,Chevrolet,AVEO,8,COMPACT CARS,C,G,42.4,13782.24,34.3887140614564,34089,35.8436837279227
91,GENERAL MOTORS,Chevrolet,AVEO 5,7,SUBCOMPACT CARS,C,G,42.4,11783.04,34.8880222901559,21981,36.5410677730466
92,GENERAL MOTORS,Chevrolet,C15 Silverado 2WD 119WB,18,STANDARD PICKUP TRUCKS,T,G,55.9,23513.1583797129,21.0311416983913,47038.33,21.8733
93,GENERAL MOTORS,Chevrolet,C15 Silverado 2WD 133WB/134WB,18,STANDARD PICKUP TRUCKS,T,G,62.5790323400539,23582.6010373422,21.1812979779019,47016.31,19.63
94,GENERAL MOTORS,Chevrolet,C15 Silverado 2WD 143WB,18,STANDARD PICKUP TRUCKS,T,G,67.4,24678.4775410095,20.89990313748,87487.12,21.2553654529592
95,GENERAL MOTORS,Chevrolet,C15 Silverado 2WD 157WB,18,STANDARD PICKUP TRUCKS,T,G,73.9,25219.7461825425,21.1017972294347,4679.24,22.2229
96,GENERAL MOTORS,Chevrolet,C1500 Avalanche 2WD,11,SUV,T,G,61,34893.5313872799,20.2935051427998,17437,21.8768
97,GENERAL MOTORS,Chevrolet,C1500 Suburban 2WD,11,SUV,T,G,61,40244.0916585425,20.3051831254651,24823,21.8768
98,GENERAL MOTORS,Chevrolet,C1500 Tahoe 2WD,11,SUV,T,G,54.4,37013.2670324056,20.3220487796171,52460,22.0076
99,GENERAL MOTORS,Chevrolet,C1500 Tahoe Hybrid 2WD,11,SUV,T,G,54.4,51499.8,28.2089,2492,27.1095
100,GENERAL MOTORS,Chevrolet,Cobalt,7,SUBCOMPACT CARS,C,G,44.8,19840.4421402943,33.2805130013986,173079,35.7670028721915
101,GENERAL MOTORS,Chevrolet,Cobalt XFE,7,SUBCOMPACT CARS,C,G,44.8,19879.8,37.0931,3377,39.1786
102,GENERAL MOTORS,Chevrolet,Colorado 2WD,17,SMALL PICKUP TRUCKS,T,G,45.6982997850303,17277.3237685395,24.4015899699218,27374,26.2583952923064
103,GENERAL MOTORS,Chevrolet,Colorado 4WD,17,SMALL PICKUP TRUCKS,T,G,45.6982997850303,21493.5551381733,22.8107516829788,10675,23.7298858642299
104,GENERAL MOTORS,Chevrolet,Colorado Cab Chassis INC 2WD,17,SMALL PICKUP TRUCKS,T,G,45.6982997850303,20223.54,19.4065,178,21.7761
105,GENERAL MOTORS,Chevrolet,Colorado Cab Chassis INC 4WD,17,SMALL PICKUP TRUCKS,T,G,45.6982997850303,23436.54,20.9877,29,23.0102
106,GENERAL MOTORS,Chevrolet,Colorado Crew Cab 2WD,17,SMALL PICKUP TRUCKS,T,G,45.6982997850303,22707.9149103801,23.7866078827831,15231,25.1263534895945
107,GENERAL MOTORS,Chevrolet,Colorado Crew Cab 4WD,17,SMALL PICKUP TRUCKS,T,G,45.6982997850303,25602,20.9877,13076,22.5213731635557
108,GENERAL MOTORS,Chevrolet,Corvette,1,TWO SEATERS,C,G,46.3,52242.1011069886,22.9829001044828,32882,22.9644401304524
109,GENERAL MOTORS,Chevrolet,Equinox AWD,12,SUV,T,G,48.7,27739.6062196144,24.7892337122823,35790,28.761001126413
110,GENERAL MOTORS,Chevrolet,Equinox FWD,12,SUV,C,G,48.7,25629.6063893011,25.6314703441626,53912,32.5624590768262
111,GENERAL MOTORS,Chevrolet,G1500/2500 Express 2WD,16,VANS,T,G,63.5,25925.34,17.4606478570682,1502,21.0121057083106
112,GENERAL MOTORS,Chevrolet,G1500/2500 Express 2WD MDPV,16,VANS,T,G,63.5,27006.54,15.1876728565784,961,15
113,GENERAL MOTORS,Chevrolet,G1500/2500 Van CONV 2WD,16,VANS,T,G,63.5,25925.34,17.5293,1103,18.3469
114,GENERAL MOTORS,Chevrolet,H1500 Express AWD,16,VANS,T,G,63.5,29432.1,17.7589,929,18.3505027903008
115,GENERAL MOTORS,Chevrolet,H1500 Van CONV AWD,16,VANS,T,G,63.5,29432.1,17.7589,331,18.3618
116,GENERAL MOTORS,Chevrolet,HHR FWD,13,SUV,C,G,42.5,18071.6544126632,32.3481681442905,90025,32.4599073658712
117,GENERAL MOTORS,Chevrolet,HHR Panel FWD,13,SUV,C,G,42.5,18032.2238095238,32.5467393070992,9135,32.5149347952517
118,GENERAL MOTORS,Chevrolet,Impala,10,LARGE CARS,C,G,47.1,23032.2951170826,28.1849289320671,320116,28.9521476145324
119,GENERAL MOTORS,Chevrolet,K15 Silverado 4WD 119WB,18,STANDARD PICKUP TRUCKS,T,G,55.9,30875.6081755969,20.1653195469112,19817.66,18.8782634574829
120,GENERAL MOTORS,Chevrolet,K15 Silverado 4WD 133WB/134WB,18,STANDARD PICKUP TRUCKS,T,G,62.6667814280837,31842.1001422832,20.2195820934187,38079,20.6218328702993
121,GENERAL MOTORS,Chevrolet,K15 Silverado 4WD 143WB,18,STANDARD PICKUP TRUCKS,T,G,67.4,32772.823567781,20.2949787250019,134964.9,21.3769590715172
122,GENERAL MOTORS,Chevrolet,K15 Silverado 4WD 157WB,18,STANDARD PICKUP TRUCKS,T,G,73.9,32774.64,20.3900921341563,3731.44,20.8772592553356
123,GENERAL MOTORS,Chevrolet,K1500 Tahoe 4WD,11,SUV,T,G,54.4,40287.96,20.2962,55201,21.9832
124,GENERAL MOTORS,Chevrolet,K1500 Tahoe Hybrid 4WD,11,SUV,T,G,54.4,54360.9,25.9934,2728,27.198
125,GENERAL MOTORS,Chevrolet,K2500 Suburban MDPV,11,SUV,T,G,60.7,42367.3235623749,14.4,4407.01704331213,15.414097053997
126,GENERAL MOTORS,Chevrolet,Malibu,9,MIDSIZE CARS,C,G,46.9,22523.3348476682,28.7043473840983,124301,32.2976955695453
127,GENERAL MOTORS,Chevrolet,Malibu Hybrid,9,MIDSIZE CARS,C,G,46.9,26749.5,35.7228,1907,38.5815
128,GENERAL MOTORS,Chevrolet,Trailblazer 2WD,12,SUV,T,G,49,27054.5496495521,20.9198669791726,42089,24.7831
129,GENERAL MOTORS,Chevrolet,Trailblazer 4WD,12,SUV,T,G,49,29214.3681577446,20.3027091485267,66614,23.9575
130,Chrysler/Fiat,Chrysler,300 AWD,5,LARGE CARS,C,G,52.5416666666667,37065.4883060109,23.2111205095658,5490,24.059811269085
131,Chrysler/Fiat,Chrysler,300/SRT-8,5,LARGE CARS,C,G,52.5416666666667,29088.1491716687,25.9994475471286,70805,25.8800205158294
132,Chrysler/Fiat,Chrysler,Crossfire Coupe,1,TWO SEATERS,C,G,38.6859375,36322.2,26.3468426315212,821,26.3468426315212
133,Chrysler/Fiat,Chrysler,Crossfire Roadster,1,TWO SEATERS,C,G,38.6859375,40856.1,26.4049481092497,827,26.4049481092497
134,Chrysler/Fiat,Chrysler,Generic Mini Car,7,SUBCOMPACT CARS,C,G,40.8016977354539,26104.86,36.33965625,1,36.33965625
135,Chrysler/Fiat,Chrysler,PT Cruiser,13,SUV,C,G,41.4861111111111,20263.8774681225,27.6244608644303,65485,27.4701
136,Chrysler/Fiat,Chrysler,Sebring,9,MIDSIZE CARS,C,G,46.73625,20150.3543025883,30.9373562158272,50458,31.4937843249285
137,Chrysler/Fiat,Chrysler,Sebring Convertible,2,SUBCOMPACT CARS,C,G,46.73625,29742.1449118223,26.6911464345415,45930,26.9532117613115
138,Chrysler/Fiat,Chrysler,Town & Country 2WD,15,MINIVAN,T,G,54.6241666666667,27873.1096318629,24.3635061594186,151248,24.3627780409564
139,Chrysler/Fiat,Dodge,Avenger,9,MIDSIZE CARS,C,G,46.73625,20303.9863967449,30.5596111509612,134681,31.7027820720737
140,Chrysler/Fiat,Dodge,Caliber,9,MIDSIZE CARS,C,G,43.0643055555556,15488.7601248266,32.2215773170943,87962,32.3328622656531
141,Chrysler/Fiat,Dodge,Challenger,4,MIDSIZE CARS,C,G,50.7902777777778,38754.9,19.2963,6411,24.1636538846969
142,Chrysler/Fiat,Dodge,Charger,5,LARGE CARS,C,G,52.5416666666667,27480.0990709083,25.4996507499078,107632,25.7772371308592
143,Chrysler/Fiat,Dodge,Charger AWD,5,LARGE CARS,C,G,52.5416666666667,30931.0357952804,23.0722158027082,3263,24.0894966471976
144,Chrysler/Fiat,Dodge,Dakota Pickup 2WD,18,STANDARD PICKUP TRUCKS,T,G,57.3069791666667,27683.6812126388,20.8062438748983,14052,20.6179475791928
145,Chrysler/Fiat,Dodge,Dakota Pickup 4WD,18,STANDARD PICKUP TRUCKS,T,G,57.3069791666667,28804.8003961678,20.0952575105986,7724,20.8866333007921
146,Chrysler/Fiat,Dodge,Grand Caravan 2WD,15,MINIVAN,T,G,54.6241666666667,25809.1675650877,24.5012319197479,148223,24.4674838911733
147,Chrysler/Fiat,Dodge,Nitro 2WD,12,SUV,C,G,46.0888888888889,24068.9374364858,23.4950228087758,18303,23.209161787504
148,Chrysler/Fiat,Dodge,Nitro 4WD,12,SUV,T,G,46.0888888888889,25793.7965618142,22.1192258601886,30074,21.9034909167504
149,Chrysler/Fiat,Dodge,Ram 1500 Pickup 2WD 120WB,18,STANDARD PICKUP TRUCKS,T,G,56.8609375,23938.4204954715,20.0319638614631,33676.61,20.4887935094247
150,Chrysler/Fiat,Dodge,Ram 1500 Pickup 2WD 140WB,18,STANDARD PICKUP TRUCKS,T,G,66.2984375,26143.8375270575,18.6770281017169,66871.51,19.8089818304813
151,Chrysler/Fiat,Dodge,Ram 1500 Pickup 4WD 120WB,18,STANDARD PICKUP TRUCKS,T,G,56.8609375,30421.4197529916,18.3550026783913,9584.29,19.4772773027198
152,Chrysler/Fiat,Dodge,Ram 1500 Pickup 4WD 140WB,18,STANDARD PICKUP TRUCKS,T,G,66.2984375,30652.866990266,18.4221358279155,69417.53,19.5896383096516
153,Chrysler/Fiat,Dodge,Viper Convertible,19,TWO SEATERS,C,G,42.0243055555556,85674.9,19.898,587,19.898
154,Chrysler/Fiat,Dodge,Viper Coupe,19,TWO SEATERS,C,G,42.0243055555556,86439.9,19.898,795,19.898
155,Lotus,Elise,Elise / Exige,2,SUBCOMPACT CARS,C,G,36.6920969742063,56927.2928571429,29.6631182289213,252,29.783030761899
156,Ferrari,Ferrari,599 GTB Fiorano,19,LARGE CARS,C,G,49.0510416666667,318550.240555556,15.7018287711124,324,15.6936995774918
157,Ferrari,Ferrari,612 Scaglietti,19,MIDSIZE CARS,C,G,52.8496875,275902.295744681,14.5865608619686,94,14.585
158,Ford,Ford,Crown Victoria,5,LARGE CARS,C,G,51.4328655004185,28199.94,22.7961,9299,24.5198
159,Ford,Ford,Edge AWD,12,SUV,T,G,50.5941666666667,28930.26,22.9313,50229,24.6021
160,Ford,Ford,Edge FWD,12,SUV,C,G,50.5941666666667,30715.26,24.1996,78378,25.9109
161,Ford,Ford,Escape 4WD,14,SUV,T,G,43.4658333333333,25449.9311480571,25.4439833665087,98462,27.0763533194863
162,Ford,Ford,Escape FWD,14,SUV,C,G,43.4658333333333,23104.2826136308,27.4544931438837,121578,29.6477427952619
163,Ford,Ford,Escape Hybrid 4WD,14,SUV,T,G,43.4658333333333,29253.6,38.0277,12441,39.2694
164,Ford,Ford,Escape Hybrid FWD,14,SUV,C,G,43.4658333333333,27468.6,43.4087,16841,44.134
165,Ford,Ford,E-Series MDPV,16,VANS,T,G,65.2,28319.6690721649,14.9602688615268,919.559321102354,14.712106785764
166,Ford,Ford,E-Series Wagon MDPV,16,VANS,T,G,65.1,29495.381774744,15.9616537101948,3240.57760752737,14.2092582237242
167,Ford,Ford,Expedition,11,SUV,T,G,55.3728764548501,37758.36,18.362,28394,18.8997439320946
168,Ford,Ford,Explorer 2WD,12,SUV,T,G,48.4409375,30242.9037642892,20.7944253234822,31055,20.4702150146749
169,Ford,Ford,Explorer 4WD,12,SUV,T,G,48.4409375,32703.6103590439,19.406114964114,57486,19.6134444174145
170,Ford,Ford,Explorer Sport Trac 2WD,18,STANDARD PICKUP TRUCKS,T,G,55.8,27180.2538700587,20.7463083010016,13129,20.4935496914755
171,Ford,Ford,Explorer Sport Trac 4WD,18,STANDARD PICKUP TRUCKS,T,G,55.8,30040.0018676616,19.3462935173461,9113,19.7104830646468
172,Ford,Ford,F150 FFV 2WD 126WB,18,STANDARD PICKUP TRUCKS,T,G,58.8,24498.1669057459,18.952790201605,3375.45,20.7309
173,Ford,Ford,F150 FFV 2WD 133 WB,18,STANDARD PICKUP TRUCKS,T,G,61.7,24498.1669057459,18.952790201605,750.1,20.7309
174,Ford,Ford,F150 FFV 2WD 145 WB,18,STANDARD PICKUP TRUCKS,T,G,67.4,24498.1669057459,18.952790201605,29628.95,20.7309
175,Ford,Ford,F150 FFV 2WD 157WB,18,STANDARD PICKUP TRUCKS,T,G,73,24498.1669057459,18.952790201605,3375.45,20.7309
176,Ford,Ford,F150 FFV 2WD 163WB,18,STANDARD PICKUP TRUCKS,T,G,76,24498.1669057459,18.952790201605,375.05,20.7309
177,Ford,Ford,F150 FFV 4WD 126WB,18,STANDARD PICKUP TRUCKS,T,G,58.8,29940.06,18.5585,8660.7,19.5817
178,Ford,Ford,F150 FFV 4WD 133WB,18,STANDARD PICKUP TRUCKS,T,G,61.7,29940.06,18.5585,1924.6,19.5817
179,Ford,Ford,F150 FFV 4WD 145WB,18,STANDARD PICKUP TRUCKS,T,G,67.4,29940.06,18.5585,76021.7,19.5817
180,Ford,Ford,F150 FFV 4WD 157WB,18,STANDARD PICKUP TRUCKS,T,G,73,29940.06,18.5585,8660.7,19.5817
181,Ford,Ford,F150 FFV 4WD 163WB,18,STANDARD PICKUP TRUCKS,T,G,76,29940.06,18.5585,962.3,19.5817
182,Ford,Ford,F150 Pickup 2WD 126WB,18,STANDARD PICKUP TRUCKS,T,G,58.8,23909.6625558063,20.2098069576869,13401.72,21.4838230668031
183,Ford,Ford,F150 Pickup 2WD 133WB,18,STANDARD PICKUP TRUCKS,T,G,61.7,23909.6625558063,20.2098069576869,2978.16,21.4838230668031
184,Ford,Ford,F150 Pickup 2WD 145WB,18,STANDARD PICKUP TRUCKS,T,G,67.4,23909.6625558063,20.2098069576869,117637.32,21.4838230668031
185,Ford,Ford,F150 Pickup 2WD 157WB,18,STANDARD PICKUP TRUCKS,T,G,73,23909.6625558063,20.2098069576869,13401.72,21.4838230668031
186,Ford,Ford,F150 Pickup 2WD 163WB,18,STANDARD PICKUP TRUCKS,T,G,76,23909.6625558063,20.2098069576869,1489.08,21.4838230668031
187,Ford,Ford,F150 Pickup 4WD 126WB,18,STANDARD PICKUP TRUCKS,T,G,58.8,29100.0675222758,18.3828713827706,6030.09,20.3287821582281
188,Ford,Ford,F150 Pickup 4WD 133WB,18,STANDARD PICKUP TRUCKS,T,G,61.7,29100.0675222758,18.3828713827706,1340.02,20.3287821582281
189,Ford,Ford,F150 Pickup 4WD 145WB,18,STANDARD PICKUP TRUCKS,T,G,67.4,29100.0675222758,18.3828713827706,52930.79,20.3287821582281
190,Ford,Ford,F150 Pickup 4WD 157WB,18,STANDARD PICKUP TRUCKS,T,G,73,29100.0675222758,18.3828713827706,6030.09,20.3287821582281
191,Ford,Ford,F150 Pickup 4WD 163WB,18,STANDARD PICKUP TRUCKS,T,G,76,29100.0675222758,18.3828713827706,670.01,20.3287821582281
192,Ford,Ford,Focus FWD,8,COMPACT CARS,C,G,41.6959375,16161.9,36.1487468314488,180249,37.2668558954961
193,Ford,Ford,Fusion AWD,9,MIDSIZE CARS,C,G,46.1010586940966,25056.3,25.9579,7352,25.9419458133636
194,Ford,Ford,Fusion FWD,9,MIDSIZE CARS,C,G,46.1010586940966,21650.8492191753,30.2168155845217,130439,31.8433372661339
195,Ford,Ford,Generic Mini Car,7,SUBCOMPACT CARS,C,G,40.8016977354539,25757.575755,36.33965625,1,36.33965625
196,Ford,Ford,Mustang,7,SUBCOMPACT CARS,C,G,46.7446875,24478.9451168551,23.5388860403494,94476,25.2336881927963
197,Ford,Ford,Ranger 2WD,17,SMALL PICKUP TRUCKS,T,G,47.9495,16203.6989508081,25.1800227074786,67938,26.145859794714
198,Ford,Ford,Ranger 4WD,17,SMALL PICKUP TRUCKS,T,G,47.9495,20664.3286432161,19.817820704974,17114,20.2953746004175
199,Ford,Ford,Shelby Mustang GT,1,TWO SEATERS,C,G,46.7446875,47797.4603452528,21.9867730722426,3244,21.7979
200,Ford,Ford,Taurus AWD,5,LARGE CARS,C,G,51.4258333333333,26361.9,25.5332,10265,25.7241540992485
201,Ford,Ford,Taurus FWD,5,LARGE CARS,C,G,51.4258333333333,24473.88,27.3071,70830,26.9992748416881
202,Ford,Ford,Taurus X AWD,12,SUV,C,G,50.4521875,30426.6,22.9313,14830,23.3125889101923
203,Ford,Ford,Taurus X FWD,12,SUV,C,G,50.4521875,28539.6,24.1996,27271,25.9109
204,GENERAL MOTORS,GMC,Acadia AWD,11,SUV,T,G,55.8,34758.54,22.068,34264,23.9575
205,GENERAL MOTORS,GMC,Acadia FWD,12,SUV,T,G,55.8,32718.54,24.5122,52589,24.7831
206,GENERAL MOTORS,GMC,C15 Sierra 2WD 119WB,18,STANDARD PICKUP TRUCKS,T,G,55.9,27727.2657180649,20.9436171589149,14039.19,21.8884
207,GENERAL MOTORS,GMC,C15 Sierra 2WD 133WB/134WB,18,STANDARD PICKUP TRUCKS,T,G,62.5189665328471,26394.0336733592,21.1370759022074,13054.89,19.6343
208,GENERAL MOTORS,GMC,C15 Sierra 2WD 143WB,18,STANDARD PICKUP TRUCKS,T,G,67.4,29470.3956796183,20.8500404941334,32827.84,21.4483818496549
209,GENERAL MOTORS,GMC,C15 Sierra 2WD 157WB,18,STANDARD PICKUP TRUCKS,T,G,73.9,30192.2137649345,21.3229891147438,2079.08,22.2222
210,GENERAL MOTORS,GMC,C1500 Yukon 2WD,11,SUV,T,G,54.4,39330.3545748116,19.9570143752896,15793,21.6751930702101
211,GENERAL MOTORS,GMC,C1500 Yukon Hybrid 2WD,11,SUV,T,G,54.4,51963.9,28.2089,1263,27.1095
212,GENERAL MOTORS,GMC,C1500 Yukon XL 2WD,11,SUV,T,G,61,40393.3607534626,19.9338822983453,9025,21.5736408136163
213,GENERAL MOTORS,GMC,Canyon 2WD,17,SMALL PICKUP TRUCKS,T,G,45.6982997850303,16837.594397335,24.3669528491307,6604,26.2600965487192
214,GENERAL MOTORS,GMC,Canyon 4WD,17,SMALL PICKUP TRUCKS,T,G,45.6982997850303,21020.4558068872,22.6091442226662,2962,23.2291471428824
215,GENERAL MOTORS,GMC,Canyon Cab Chassis INC 2WD,17,SMALL PICKUP TRUCKS,T,G,45.6982997850303,20451,19.4065,28,21.7761
216,GENERAL MOTORS,GMC,Canyon Cab Chassis INC 4WD,17,SMALL PICKUP TRUCKS,T,G,45.6982997850303,23690.52,20.9877,6,23.0102
217,GENERAL MOTORS,GMC,Canyon Crew Cab 2WD,17,SMALL PICKUP TRUCKS,T,G,45.6982997850303,22812.7924137931,23.5694977233546,4524,24.8844237918759
218,GENERAL MOTORS,GMC,Canyon Crew Cab 4WD,17,SMALL PICKUP TRUCKS,T,G,45.6982997850303,25515.3,20.9877,3899,22.4192363253672
219,GENERAL MOTORS,GMC,Envoy 2WD,12,SUV,T,G,49.1236111111111,30565.6398635371,21.142215037586,14656,31.357983468501
220,GENERAL MOTORS,GMC,Envoy 4WD,12,SUV,T,G,49.1236111111111,33404.4921118984,20.3352159231013,21734,27.6295004329705
221,GENERAL MOTORS,GMC,G1500/2500 Savana 2WD Cargo,16,VANS,T,G,63.5625,23799.0203389831,20.6718245219145,1829,21.0764901631302
222,GENERAL MOTORS,GMC,G1500/2500 Savana 2WD Cargo CONV,16,VANS,T,G,63.5625,24607.5,17.5293,491,18.3469
223,GENERAL MOTORS,GMC,G1500/2500 Savana 2WD Pass,16,VANS,T,G,63.5625,27244.2,17.5004069835083,219,18.3469
224,GENERAL MOTORS,GMC,H1500 Savana AWD Cargo CONV,16,VANS,T,G,63.5625,28401.9,17.7589,183,18.3618
225,GENERAL MOTORS,GMC,H1500 Savana Pass Van AWD,16,VANS,T,G,63.5625,30411.3,17.7589,186,18.3618
226,GENERAL MOTORS,GMC,H1500/2500 Savana Cargo AWD,16,VANS,T,G,63.5625,28401.9,19.0973,538,18.345
227,GENERAL MOTORS,GMC,K15 Sierra 4WD 119WB,18,STANDARD PICKUP TRUCKS,T,G,55.9,31794.0281822224,20.2691005426805,6814.53,18.9143328619912
228,GENERAL MOTORS,GMC,K15 Sierra 4WD 133WB/134WB,18,STANDARD PICKUP TRUCKS,T,G,62.5383057239634,31535.0307210221,20.3064380006755,20093.42,20.573174859181
229,GENERAL MOTORS,GMC,K15 Sierra 4WD 143WB,18,STANDARD PICKUP TRUCKS,T,G,67.4,33589.0799741718,19.9451430176299,47947.51,21.1116998838155
230,GENERAL MOTORS,GMC,K15 Sierra 4WD 157WB,18,STANDARD PICKUP TRUCKS,T,G,73.9,31539.6335983429,20.1321131479662,3345.54,20.2752176314286
231,GENERAL MOTORS,GMC,K1500 Yukon 4WD,11,SUV,T,G,54.4,40776.54,20.2962,10652,21.9832
232,GENERAL MOTORS,GMC,K1500 Yukon Hybrid 4WD,11,SUV,T,G,54.4,54830.1,25.9934,1519,20.649699885019
233,GENERAL MOTORS,GMC,K2500 Yukon XL MDPV,11,SUV,T,G,60.7,43642.3259269283,14.4,1595.79485722404,15.4251121076233
234,HONDA,Honda,Accord 2DR Coupe,8,COMPACT CARS,C,G,46.6,26835.7171683124,30.3956945014381,48713,31.2384825799529
235,HONDA,Honda,Accord 4DR Sedan,5,LARGE CARS,C,G,46.6,24789.6535226379,31.2411740977798,335544,31.9255311086268
236,HONDA,Honda,Civic,7,SUBCOMPACT CARS,C,G,43.2,18912.4952083256,38.5155894595127,322284,39.4734991319281
237,HONDA,Honda,Civic Hybrid,8,COMPACT CARS,C,G,44,23699.7,58.8362,32017,58.8362
238,HONDA,Honda,CR-V 2WD,14,SUV,C,G,44.1,22909.2,29.7231,89561,31.2481
239,HONDA,Honda,CR-V 4WD,14,SUV,T,G,44.1,24133.2,28.8185,138754,30.4342
240,HONDA,Honda,Element 2WD,14,SUV,C,G,43.9,21981,28.2451867880766,17580,28.3311
241,HONDA,Honda,Element 4WD,14,SUV,T,G,43.9,22460.4,27.2895023734807,20400,27.3583940660753
242,HONDA,Honda,Fit,8,SMALL STATION WAGONS,C,G,39.5,15549.9,39.9448193079115,74486,40.19617416114
243,HONDA,Honda,Odyssey 2WD,15,MINIVAN,T,G,54.7,32973.54,25.1995578745207,135622,24.9240840589815
244,HONDA,Honda,Pilot 2WD,12,SUV,T,G,51.3,31497.6,23.5655,31178,24.5011
245,HONDA,Honda,Pilot 4WD,12,SUV,T,G,51.3,32925.6,21.942,57535,23.6663
246,HONDA,Honda,Ridgeline 4WD,18,STANDARD PICKUP TRUCKS,T,G,47.6,31250.76,21.3902,43000,21.9648
247,GENERAL MOTORS,Hummer,H3 4WD,11,SUV,T,G,50.7,36453.2947199671,19.1321307713912,29193,19.9822445647739
248,HYUNDAI,Hyundai,Accent,8,COMPACT CARS,C,G,41.4,13645.56,37.171449606014,51562,40.2389496002399
249,HYUNDAI,Hyundai,Azera,5,LARGE CARS,C,G,47.05,29703.7081486652,26.1218921426595,11462,26.2735790183646
250,HYUNDAI,Hyundai,Elantra,9,MIDSIZE CARS,C,G,44,15804.9,36.6349330718812,109498,38.7309410588299
251,HYUNDAI,Hyundai,Santa Fe 2WD,12,SUV,C,G,47.0085713739367,24152.0669441753,26.1877042662054,50569,30.0157558991403
252,HYUNDAI,Hyundai,Santa Fe 4WD,12,SUV,T,G,47.0085713739367,27061.8397617957,24.8709372624976,26196,29.6387635433284
253,HYUNDAI,Hyundai,Sonata,10,LARGE CARS,C,G,46.0179166666667,21521.4023175082,31.0205681527761,87456,32.950319110905
254,HYUNDAI,Hyundai,Tiburon,7,SUBCOMPACT CARS,C,G,40.8775,19482.796025206,28.0371126118712,10315,28.0371126118712
255,HYUNDAI,Hyundai,Tucson 2WD,14,SUV,C,G,44.9642309375,19809.8079202681,27.4153127966292,17007,33.9604324259837
256,HYUNDAI,Hyundai,Tucson 4WD,14,SUV,T,G,44.9642309375,24806.4,24.8765,5481,31.1374
257,HYUNDAI,Hyundai,Veracruz 2WD,12,SUV,T,G,50.37,31155.9,23.5845,8174,24.6638
258,HYUNDAI,Hyundai,Veracruz 4WD,12,SUV,T,G,50.37,32889.9,22.7473,5090,23.6702
259,Nissan,Infiniti,EX35,3,SMALL STATION WAGONS,C,G,48.7,35327.934166557,24.5194707651844,15202,24.5249247396411
260,Nissan,Infiniti,FX35 AWD,11,SUV,T,G,50.8833333333333,57186.3,21.4943,9788,23.1365
261,Nissan,Infiniti,FX35 RWD,11,SUV,C,G,50.8833333333333,54024.3,22.9727,5391,23.973
262,Nissan,Infiniti,FX45 AWD,11,SUV,T,G,49.1628472222222,51831.3,18.6142,395,21.0323
263,Nissan,Infiniti,G37 Coupe,2,SUBCOMPACT CARS,C,G,47.6,36429.3,26.2883641287335,29182,26.9539380282998
264,Nissan,Infiniti,M35,5,LARGE CARS,C,G,49.2,44640.3,24.0053,7874,25.2523
265,Nissan,Infiniti,M35X,5,LARGE CARS,C,G,49.2,46425.3,23.1733,6508,23.4083
266,Nissan,Infiniti,M45,5,LARGE CARS,C,G,49.2,51066.3,22.9377,926,23.0373
267,Nissan,Infiniti,M45X,5,LARGE CARS,C,G,49.2,53616.3,20.6885,1214,20.6885
268,Nissan,Infiniti,QX56 2WD,11,SUV,T,G,57.75,54024.3,18.1142,5019,18.2551
269,Nissan,Infiniti,QX56 4WD,11,SUV,T,G,57.75,57186.3,17.4388,8334,18.0207
270,Tata,Jaguar,Jaguar XJ,5,LARGE CARS,C,G,53.8257968164794,68385.2696629214,24.7402007546223,2670,22.8115377266104
271,Tata,Jaguar,Jaguar XK,19,SUBCOMPACT CARS,C,G,46.8,77010,24.8205,533,24.0404
272,Tata,Jaguar,Jaguar XK Convertible,19,SUBCOMPACT CARS,C,G,46.8,83130,24.8205,1009,23.3026
273,Tata,Jaguar,Jaguar XKR,19,SUBCOMPACT CARS,C,G,46.8,88434,23.067,516,21.965
274,Tata,Jaguar,Jaguar XKR Convertible,19,SUBCOMPACT CARS,C,G,46.8,94554,23.067,749,21.965
275,Tata,Jaguar,Jaguar X-Type,3,COMPACT CARS,C,G,46.8,36558.2345724907,23.5888,807,23.6676434625617
276,Chrysler/Fiat,Jeep,Commander 2WD,12,SUV,T,G,47.6020833333333,32128.4493540052,20.0822819862428,9288,20.6805385958884
277,Chrysler/Fiat,Jeep,Commander 4WD,12,SUV,T,G,47.6020833333333,35570.3214430259,19.6699902677306,27179,20.2733776939711
278,Chrysler/Fiat,Jeep,Compass 2WD,14,SUV,C,G,43.0643055555556,18769.7094401756,30.5244925770397,15487,30.0582944369241
279,Chrysler/Fiat,Jeep,Compass 4WD,14,SUV,T,G,43.0643055555556,21216,29.3146503913936,10660,29.3073202513503
280,Chrysler/Fiat,Jeep,Grand Cherokee 2WD,11,SUV,T,G,47.199132763824,31977.5421728972,21.5100748336047,17120,22.198615781563
281,Chrysler/Fiat,Jeep,Grand Cherokee 4WD,11,SUV,T,G,47.2250388438588,35590.2508357103,20.5317585970726,77479,20.7897602027497
282,Chrysler/Fiat,Jeep,Liberty 2WD,14,SUV,C,G,44.9451388888889,23543.64,23.5270683668864,21353,23.329
283,Chrysler/Fiat,Jeep,Liberty 4WD,14,SUV,T,G,44.9451388888889,25185.84,22.1123451197798,69177,21.8537
284,Chrysler/Fiat,Jeep,Patriot 2WD,14,SUV,C,G,43.0643055555556,18073.7605912619,30.543507042283,34401,30.1514313691738
285,Chrysler/Fiat,Jeep,Patriot 4WD,14,SUV,T,G,43.0643055555556,21091.56,29.3866745577063,27094,29.332008031773
286,Chrysler/Fiat,Jeep,Wrangler 2WD,13,SUV,C,G,41.00875,24168.9,21.7975799033845,5746,21.9045
287,Chrysler/Fiat,Jeep,Wrangler 4WD,13,SUV,T,G,41.00875,22976.6646014405,21.6187379737204,114964,21.7662520016679
288,Kia,Kia,Optima,9,MIDSIZE CARS,C,G,48.2,19194.6492859867,32.0753702864363,47198,33.2745349139269
289,Kia,Kia,Rio,8,COMPACT CARS,C,G,41.3,13690.44,38.2357751315835,35014,40.4517477705974
290,Kia,Kia,Rondo,9,MIDSIZE STATION WAGONS,C,G,45.1341527683055,19971.6071797278,27.5181183830594,23441,29.131344839887
291,Kia,Kia,Sedona,15,MINIVAN,T,G,54.7435416666667,24704.4,23.7736,31800,24.7164
292,Kia,Kia,Sportage 2WD,12,SUV,C,G,46.3048657234167,17913.3296553567,27.5787577892785,26201,28.6959074357514
293,Kia,Kia,Sportage 4WD,12,SUV,T,G,46.3048657234167,23067.5583840199,24.3177919981221,14468,25.7123969629227
294,Volkswagen,Lamborghini,Gallardo,19,COMPACT CARS,C,G,44.31,183651,16.5733642360492,280,19.0194653841088
295,Volkswagen,Lamborghini,Gallardo Spyder,19,COMPACT CARS,C,G,44.31,210120,15.5500607581043,512,19.197
296,Volkswagen,Lamborghini,Marcielago,19,MIDSIZE CARS,C,G,47.7513541666667,319872,13.6579754601227,156,13.602613482798
297,Volkswagen,Lamborghini,Marcielago Roadster,19,MIDSIZE CARS,C,G,47.7513541666667,351900,13.6404779145547,132,13.6852
298,Tata,Land Rover,LR2,11,SUV,T,G,45.9880208333333,36133.5,22.7091,14659,22.3607
299,Tata,Land Rover,LR3,11,SUV,T,G,49.9761111111111,53091,18.4057,7751,18.4057
300,Tata,Land Rover,Range Rover,11,SUV,T,G,50.5,65006.3054429029,18.2037468214349,14055,18.1356850963691
301,Tata,Land Rover,Range Rover Sport,19,SUV,T,G,47.5,84377.4686960615,18.2469767783446,19119,18.2323590390899
302,TOYOTA,Lexus,ES 350,4,MIDSIZE CARS,C,G,46.8956668505629,35174.7,28.6873,79585,28.6873
303,TOYOTA,Lexus,GS 350,4,MIDSIZE CARS,C,G,47.1395833333333,45813.3,28.6658,9851,28.1492
304,TOYOTA,Lexus,GS 350 AWD,4,MIDSIZE CARS,C,G,47.1395833333333,47802.3,26.6628,7766,26.6628
305,TOYOTA,Lexus,GS 450H,3,COMPACT CARS,C,G,47.1395833333333,56778.3,30.823,768,30.823
306,TOYOTA,Lexus,GS 460,4,MIDSIZE CARS,C,G,47.1395833333333,54452.7,25.4158,1645,25.4158
307,TOYOTA,Lexus,GX 470,11,SUV,T,G,47.6,48531.6,19.6279,22523,21.9921
308,TOYOTA,Lexus,IS 250,2,SUBCOMPACT CARS,C,G,45.1067049338673,31844.4,31.392685316961,31514,31.2683755122135
309,TOYOTA,Lexus,IS 250 AWD,2,SUBCOMPACT CARS,C,G,45.1067049338673,35547,28.7628,17299,28.7628
310,TOYOTA,Lexus,IS 350,2,SUBCOMPACT CARS,C,G,45.1067049338673,37403.4,26.5704,6322,28.1492
311,TOYOTA,Lexus,IS F,2,SUBCOMPACT CARS,C,G,45.1067049338673,57120,23.7788,2796,23.7788
312,TOYOTA,Lexus,LS 460,4,MIDSIZE CARS,C,G,45.1067049338673,63510.3,24.5642,21893,24.3011380134903
313,TOYOTA,Lexus,LS 460 L,4,MIDSIZE CARS,C,G,45.1067049338673,73710.3,24.7254,4869,24.2185056939022
314,TOYOTA,Lexus,LS 600HL,19,MIDSIZE CARS,C,G,45.1067049338673,106860.3,26.9406,2113,26.9406
315,TOYOTA,Lexus,LX 570,11,SUV,T,G,50.3,76056.3,18.3211,6780,18.3211
316,TOYOTA,Lexus,RX 350 2WD,11,SUV,C,G,46.2,38928.3,25.7193,35488,26.9826
317,TOYOTA,Lexus,RX 350 4WD,11,SUV,T,G,46.2,40356.3,24.6127,54007,26.5152
318,TOYOTA,Lexus,RX 400H 2WD,11,SUV,C,G,46.4,42783.9,34.1139,6012,40.3557
319,TOYOTA,Lexus,RX 400H 4WD,11,SUV,T,G,46.4,44211.9,33.4232,20020,38.5635
320,TOYOTA,Lexus,SC 430,2,SUBCOMPACT CARS,C,G,43.5007294948121,67544.4,24.1927,2807,24.1927
321,Ford,Lincoln,MKX AWD,11,SUV,T,G,50.5941666666667,38601.9,22.9313,19528,24.6021
322,Ford,Lincoln,MKX FWD,11,SUV,C,G,50.5941666666667,36816.9,24.1996,17356,25.9109
323,Ford,Lincoln,MKZ AWD,4,MIDSIZE CARS,C,G,46.0796481422998,33828.3,25.5332,9144,24.8262
324,Ford,Lincoln,MKZ FWD,4,MIDSIZE CARS,C,G,46.0796481422998,31920.9,27.3071,23313,26.8338
325,Ford,Lincoln,Navigator 2WD,11,SUV,T,G,55.3728764548501,49628.1,18.362,7097,20.1989
326,Ford,Lincoln,Town Car,5,LARGE CARS,C,G,52.7682753196236,45519.54,22.4466128221253,12300,24.7276252533211
327,Chrysler/Fiat,Maserati,Granturismo,19,LARGE CARS,C,G,50.2604166666667,112200,19.3,1465,18.6151452868932
328,Chrysler/Fiat,Maserati,Quattroporte,19,LARGE CARS,C,G,52.385625,117045,17.6,1196,17.7236586988686
329,Daimler,Maybach,57 S,19,LARGE CARS,C,G,61.465625,387600,15.3,57,15.2106
330,Mazda,Mazda,CX-7 2WD,12,SUV,C,G,47.8,26293.56,24.892,20000,29.3231880369532
331,Mazda,Mazda,CX-7 4WD,12,SUV,T,G,47.8,28095.9,23.9919,13134,25.1402
332,Mazda,Mazda,CX-9 2WD,12,SUV,C,G,51,32692.02,22.1503,17203,23.2756
333,Mazda,Mazda,CX-9 4WD,11,SUV,T,G,51,34018.02,23.5361,18830,22.1773
334,Mazda,Mazda,Generic Mini Car,7,SUBCOMPACT CARS,C,G,40.8016977354539,25757.575755,36.33965625,1,36.33965625
335,Mazda,Mazda,Mazda 3,8,COMPACT CARS,C,G,43.2644615289231,17292.17209375,33.3956655485569,120960,34.6309984230612
336,Mazda,Mazda,Mazda 5,15,MINIVAN,T,G,45.3,21377.16,30.6796168836139,16389,30.6971081243183
337,Mazda,Mazda,Mazda 6,9,MIDSIZE CARS,C,G,47.8999395498791,23397.9818774085,30.6980101546013,44114,31.3899304108369
338,Mazda,Mazda,Mazda RX-8,2,SUBCOMPACT CARS,C,G,43.6664935829872,30429.7326495727,24.0276542746714,2106,24.0313259225496
339,Mazda,Mazda,Mazdaspeed 3,9,MIDSIZE CARS,C,G,43.2644615289231,24267.84,26.6164,8101,26.9606
340,Mazda,Mazda,MX-5,6,TWO SEATERS,C,G,39.4612145895662,25503.6779506358,30.0021763841547,16044,31.0084374461766
341,Mazda,Mazda,Tribute 4WD,14,SUV,T,G,43.5,25043.911498406,26.5426887079068,5646,28.5522586801575
342,Mazda,Mazda,Tribute FWD,14,SUV,C,G,43.5,23142.0945645933,28.4794708686564,17765,30.7273887701651
343,Mazda,Mazda,Tribute Hybrid 2WD,14,SUV,C,G,43.5,28595.7,43.4087,367,44.1352
344,Mazda,Mazda,Tribute Hybrid 4WD,14,SUV,T,G,43.5,30380.7,38.0277,56,39.2695
345,Daimler,Mercedes-Benz,C300,3,COMPACT CARS,C,G,45.8578125,33940.5,26.6035238773262,40905,26.1909096271282
346,Daimler,Mercedes-Benz,C300 4MATIC,3,COMPACT CARS,C,G,45.8578125,36510.9,26.0593,22578,25.6565
347,Daimler,Mercedes-Benz,C350,3,COMPACT CARS,C,G,43.6664935829872,38479.5,25.6784,14829,25.6168
348,Daimler,Mercedes-Benz,C63 AMG,3,COMPACT CARS,C,G,51.0023958333333,54876,18.4931,435,18.8241
349,Daimler,Mercedes-Benz,CL550,19,COMPACT CARS,C,G,51.0023958333333,105952.5,21.1259,2222,21.2675
350,Daimler,Mercedes-Benz,CL600,19,COMPACT CARS,C,G,54.5990277777778,150628.5,17.0634,276,17.2308
351,Daimler,Mercedes-Benz,CL63 AMG,19,COMPACT CARS,C,G,51.0023958333333,140530.5,17.1496,1409,17.39
352,Daimler,Mercedes-Benz,CL65 AMG,19,COMPACT CARS,C,G,51.0023958333333,202291.5,16.8416,304,16.8416
353,Daimler,Mercedes-Benz,CLS550,3,COMPACT CARS,C,G,51.0023958333333,69742.5,21.1259,6190,21.1319
354,Daimler,Mercedes-Benz,CLS63 AMG,19,COMPACT CARS,C,G,51.0023958333333,95854.5,18.3549,554,18.0381
355,Daimler,Mercedes-Benz,E350,4,MIDSIZE CARS,C,G,48.3944444444444,52708.5,25.6784,15047,25.8555988030544
356,Daimler,Mercedes-Benz,E350 4MATIC,4,MIDSIZE CARS,C,G,48.3944444444444,54238.5,23.9014,19753,24.7486
357,Daimler,Mercedes-Benz,E550,4,MIDSIZE CARS,C,G,48.3944444444444,61378.5,22.1925,1806,22.6348075591718
358,Daimler,Mercedes-Benz,E550 4MATIC,4,MIDSIZE CARS,C,G,48.3944444444444,62908.5,19.9254,452,22.7193
359,Daimler,Mercedes-Benz,E63 AMG,19,MIDSIZE CARS,C,G,48.3944444444444,87490.5,18.3549,973,19.4207
360,Daimler,Mercedes-Benz,G500,19,SUV,T,G,46.4383333333333,88714.5,16.4789,593,16.2143
361,Daimler,Mercedes-Benz,G55 AMG,19,SUV,T,G,46.4383333333333,112888.5,15.1536,538,15.2136
362,Daimler,Mercedes-Benz,GL450 4MATIC,11,SUV,T,G,54.7052430555556,57400.5,18.8161,17261,18.7993
363,Daimler,Mercedes-Benz,GL550 4MATIC,19,SUV,T,G,54.7052430555556,79305,18.3543,7040,18.0908
364,Daimler,Mercedes-Benz,ML350 4MATIC,11,SUV,T,G,51.0176041666667,45313.5,21.611,27587,21.948517123012
365,Daimler,Mercedes-Benz,ML550 4MATIC,11,SUV,T,G,51.0176041666667,54238.5,19.2178,3218,19.2178
366,Daimler,Mercedes-Benz,ML63 AMG,19,SUV,T,G,51.0176041666667,89173.5,15.4034,954,15.1949
367,Daimler,Mercedes-Benz,R350 4MATIC,11,SUV,T,G,57.4975,46078.5,20.9116,6939,20.6121
368,Daimler,Mercedes-Benz,S550,19,LARGE CARS,C,G,54.5990277777778,89224.5,21.1259,12093,19.5865
369,Daimler,Mercedes-Benz,S550 4MATIC,19,LARGE CARS,C,G,54.5990277777778,92284.5,21.0947,11045,20.5269
370,Daimler,Mercedes-Benz,S600,19,LARGE CARS,C,G,54.5990277777778,147874.5,17.0634,444,16.9565
371,Daimler,Mercedes-Benz,S63 AMG,19,LARGE CARS,C,G,54.5990277777778,130330.5,17.1496,2294,17.2611
372,Daimler,Mercedes-Benz,S65 AMG,19,LARGE CARS,C,G,54.5990277777778,136654.5,16.6054,284,16.6054
373,Daimler,Mercedes-Benz,SL55 AMG,19,TWO SEATERS,C,G,54.5990277777778,136654.5,18.0705,417,18.0705
374,Daimler,Mercedes-Benz,SL550,19,TWO SEATERS,C,G,54.5990277777778,97996.5,21.1259,3124,21.1259
375,Daimler,Mercedes-Benz,SL600,19,TWO SEATERS,C,G,54.5990277777778,132676.5,17.3605,74,17.3605
376,Daimler,Mercedes-Benz,SL65 AMG,19,TWO SEATERS,C,G,54.5990277777778,191734.5,17.4521,93,17.4521
377,Daimler,Mercedes-Benz,SLK280,1,TWO SEATERS,C,G,40.2405208333333,45568.5,26.037624840254,2834,27.7194341244653
378,Daimler,Mercedes-Benz,SLK350,1,TWO SEATERS,C,G,40.2405208333333,50974.5,24.9933411097001,1178,26.7021
379,Daimler,Mercedes-Benz,SLK55 AMG,1,TWO SEATERS,C,G,40.2405208333333,64999.5,20.9981,367,21.8896
380,Ford,Mercury,Grand Marquis,5,LARGE CARS,C,G,51.4328655004185,27820.5,22.7961,44071,24.5198
381,Ford,Mercury,Mariner 4WD,14,SUV,T,G,43.4658333333333,25710.9333170969,25.090693482799,24636,26.9269061828518
382,Ford,Mercury,Mariner FWD,14,SUV,C,G,43.4658333333333,23504.9118226601,26.8379353755693,23751,29.8080329938214
383,Ford,Mercury,Mariner Hybrid 4WD,14,SUV,T,G,43.4658333333333,28937.4,38.0277,2389,39.2694
384,Ford,Mercury,Mariner Hybrid FWD,14,SUV,C,G,43.4658333333333,27152.4,43.4087,2155,44.134
385,Ford,Mercury,Milan AWD,9,MIDSIZE CARS,C,G,46.1010586940966,25910.04,25.9579,2629,26.5451
386,Ford,Mercury,Milan FWD,9,MIDSIZE CARS,C,G,46.1010586940966,22236.0949264485,30.0611684184541,29979,31.484115569452
387,Ford,Mercury,Mountaineer 2WD,12,SUV,T,G,48.4409375,29142.6112020075,20.6930956962471,3985,20.4702
388,Ford,Mercury,Mountaineer 4WD,12,SUV,T,G,48.4409375,31712.4054124829,19.3661098676536,12449,19.7633360028005
389,BMW,MINI,MINI Clubman,7,SUBCOMPACT CARS,C,G,40,21012,40.034602878591,3750,38.543337414695
390,BMW,MINI,MINI Clubman S,7,SUBCOMPACT CARS,C,G,40,24582,36.7044490606443,4602,36.3538668361334
391,BMW,MINI,MINI Cooper,7,SUBCOMPACT CARS,C,G,38.7,19074,39.9115735385542,12810,38.7312930625173
392,BMW,MINI,MINI Cooper Convertible,7,SUBCOMPACT CARS,C,G,38.8,23052,33.6058132866652,2496,38.6061400980403
393,BMW,MINI,MINI Cooper S,7,SUBCOMPACT CARS,C,G,38.7,22287,36.8666162696733,13662,36.3287767493916
394,BMW,MINI,MINI Cooper S Convertible,2,SUBCOMPACT CARS,C,G,38.7,26571,30.7053928125169,3150,36.3823590010433
395,Mitsubishi,Mitsubishi,Eclipse,2,SUBCOMPACT CARS,C,G,43.5,23793.1008277493,28.3730576161373,15222,28.8992721705991
396,Mitsubishi,Mitsubishi,Eclipse Spyder,2,SUBCOMPACT CARS,C,G,43.5,27863.4219642857,27.4072259956471,5824,26.6432676721085
397,Mitsubishi,Mitsubishi,Endeavor 2WD,12,SUV,T,G,48.1,28813.98,22.8372,4691,22.7852
398,Mitsubishi,Mitsubishi,Endeavor AWD,12,SUV,T,G,48.1,30343.98,21.4501,4892,21.4501
399,Mitsubishi,Mitsubishi,Galant,9,MIDSIZE CARS,C,G,46.5,21940.0897113299,29.571622347569,11986,32.0569
400,Mitsubishi,Mitsubishi,Generic Mini Car,7,SUBCOMPACT CARS,C,G,40.8016977354539,25757.575755,36.33965625,1,36.33965625
401,Mitsubishi,Mitsubishi,Lancer,8,COMPACT CARS,C,G,43.3691491688539,16845.3,31.9894314613982,38353,33.0979014953929
402,Mitsubishi,Mitsubishi,Lancer Evolution,3,COMPACT CARS,C,G,44,34312.8,24.0224146164139,5315,24.004773782948
403,Mitsubishi,Mitsubishi,Outlander 2WD,14,SUV,C,G,44.2,23399.7143121174,27.1412464186703,8657,30.1969780718973
404,Mitsubishi,Mitsubishi,Outlander 4WD,14,SUV,T,G,44.2,24164.0713890809,26.2412808484081,5788,28.1241065892645
405,Nissan,Nissan,350Z,1,TWO SEATERS,C,G,43.2,34463.76,26.072021868285,9903,27.5527328924804
406,Nissan,Nissan,350Z Roadster,1,TWO SEATERS,C,G,43.2,39550.5,25.0535779281142,2470,26.6429545151408
407,Nissan,Nissan,Altima,9,MIDSIZE CARS,C,G,46.2,20920.3506160355,33.5854849019135,242275,34.9593812746699
408,Nissan,Nissan,Altima Coupe,7,SUBCOMPACT CARS,C,G,44.3,23043.8552238806,32.197551734339,53801,33.9803495298009
409,Nissan,Nissan,Altima Hybrid,9,MIDSIZE CARS,C,G,46.2,26106.9,46.7098,8056,46.7098
410,Nissan,Nissan,Armada 2WD,11,SUV,T,G,57.1020138888889,40111.5,18.1976781127738,17859,18.5724960899228
411,Nissan,Nissan,Armada 4WD,11,SUV,T,G,57.1020138888889,42967.5,17.7667975861691,9753,18.1748533246104
412,Nissan,Nissan,Frontier 2WD,17,SMALL PICKUP TRUCKS,T,G,54.1920607968265,23266.832090376,22.0963660712921,28990,22.4444205075551
413,Nissan,Nissan,Frontier 4WD,17,SMALL PICKUP TRUCKS,T,G,54.779850617284,26641.5658666667,20.82348372154,18225,20.9634595995702
414,Nissan,Nissan,Maxima,4,MIDSIZE CARS,C,G,47.2,30477.6,27.7547,38602,28.5451
415,Nissan,Nissan,Pathfinder 2WD,12,SUV,T,G,48.1525,31641.6849117269,22.2221404757929,27245,22.4571631887637
416,Nissan,Nissan,Pathfinder 4WD,11,SUV,T,G,48.1525,35691.4894905286,20.6551486821911,29246,21.0765477188707
417,Nissan,Nissan,Rogue AWD,14,SUV,T,G,44.7133333333333,22343.1,30.421,50451,30.5446
418,Nissan,Nissan,Rogue FWD,14,SUV,C,G,44.7133333333333,21119.1,32.3107,27628,31.9961
419,Nissan,Nissan,Sentra,9,MIDSIZE CARS,C,G,44.7,16973.1026865224,36.9799503673722,119932,39.0344543636305
420,Nissan,Nissan,Titan 2WD 140WB,18,STANDARD PICKUP TRUCKS,T,G,65.9195833333334,30575.52,18.2941516036345,18425.5,19.0211479387931
421,Nissan,Nissan,Titan 2WD 160WB,18,STANDARD PICKUP TRUCKS,T,G,75.2086805555556,30575.52,18.2941516036345,18425.5,19.1262262931682
422,Nissan,Nissan,Titan 4WD 140WB,18,STANDARD PICKUP TRUCKS,T,G,65.9195833333334,37840.5350004438,17.3969244228851,11267,17.8334083916433
423,Nissan,Nissan,Titan 4WD 160WB,18,STANDARD PICKUP TRUCKS,T,G,75.2086805555556,37840.5350004438,17.3969244228851,11267,17.832655112906
424,Nissan,Nissan,Versa,9,MIDSIZE CARS,C,G,41.5,15461.5421838553,36.6989973229965,76223,36.3795015940804
425,Nissan,Nissan,Xterra 2WD,14,SUV,C,G,45.6204166666667,27844.2888909058,21.8733225938293,16527,22.1280420004429
426,Nissan,Nissan,Xterra 4WD,14,SUV,T,G,45.6204166666667,29758.626637277,21.1563298640559,19508,21.6281096550635
427,GENERAL MOTORS,Pontiac,G5,7,SUBCOMPACT CARS,C,G,44.8,16320.8689076047,33.4504896453251,20185,36.8496427189706
428,GENERAL MOTORS,Pontiac,G6,8,COMPACT CARS,C,G,46.9,21245.4072999086,27.8949266363886,154317,31.6508848503767
429,GENERAL MOTORS,Pontiac,Vibe,8,SMALL STATION WAGONS,C,G,42.6,17691.9,38.2180061257284,20317,33.7681172854392
430,PORSCHE,Porsche,911 GT,19,TWO SEATERS,C,G,38.7664930555556,196411.2,24.216,201,20.7927403838209
431,PORSCHE,Porsche,911 Turbo,19,SUBCOMPACT CARS,C,G,38.4131944444444,129601.2,23.5236725382276,1052,25.0511176195619
432,PORSCHE,Porsche,911 Turbo Cabriolet,19,SUBCOMPACT CARS,C,G,38.4131944444444,140107.2,23.256525296208,2036,24.310226960032
433,PORSCHE,Porsche,Boxster,1,TWO SEATERS,C,G,39.160485,47064.84,29.6816054753206,2291,29.2466015869768
434,PORSCHE,Porsche,Boxster S,1,TWO SEATERS,C,G,39.160485,57691.2,26.834074930407,1776,28.8146151738977
435,PORSCHE,Porsche,Carrera 2 Cabriolet,19,SUBCOMPACT CARS,C,G,38.0417013888889,86353.2,26.4051471438281,635,27.7633609940352
436,PORSCHE,Porsche,Carrera 2 Coupe,2,SUBCOMPACT CARS,C,G,38.0417013888889,75847.2,26.4935392293749,887,27.7534413976313
437,PORSCHE,Porsche,Carrera 2 S Cabriolet,19,SUBCOMPACT CARS,C,G,37.7853125,96859.2,25.4866791297503,1263,27.6587026521359
438,PORSCHE,Porsche,Carrera 2 S Coupe,19,SUBCOMPACT CARS,C,G,37.7853125,86353.2,25.4087160348913,1187,27.405039928599
439,PORSCHE,Porsche,Carrera 4 Cabriolet,19,SUBCOMPACT CARS,C,G,38.0417013888889,92371.2,25.3917388346696,151,27.3004701351028
440,PORSCHE,Porsche,Carrera 4 Coupe,19,SUBCOMPACT CARS,C,G,38.0417013888889,81865.2,25.4979875296044,140,27.3981239241197
441,PORSCHE,Porsche,Carrera 4 S Cabriolet,19,SUBCOMPACT CARS,C,G,37.7853125,96859.2,24.7288518505024,777,27.0772706667792
442,PORSCHE,Porsche,Carrera 4 S Coupe,19,SUBCOMPACT CARS,C,G,37.7853125,92371.2,24.7640706995468,913,27.1520736125332
443,PORSCHE,Porsche,Carrera 4 S Targa,19,SUBCOMPACT CARS,C,G,37.7853125,100123.2,24.7347235348937,373,27.4289499892196
444,PORSCHE,Porsche,Carrera 4 Targa,19,SUBCOMPACT CARS,C,G,38.0417013888889,89617.2,25.3504339633638,85,27.3319395635693
445,PORSCHE,Porsche,Cayenne,11,SUV,T,G,50.9525591666667,44268,21.2532384974038,8402,21.2620737028153
446,PORSCHE,Porsche,Cayenne GTS,11,SUV,T,G,50.9525591666667,70590.0026749889,19.2265633936557,2243,19.2945333081318
447,PORSCHE,Porsche,Cayenne S,11,SUV,T,G,50.9525591666667,59058,19.4085,5815,19.4475
448,PORSCHE,Porsche,Cayenne Turbo,19,SUV,T,G,50.9525591666667,95574,18.0594,2337,18.015
449,PORSCHE,Porsche,Cayman,1,TWO SEATERS,C,G,39.160485,51265.2,29.6798046480303,2156,29.5037569987563
450,PORSCHE,Porsche,Cayman S,1,TWO SEATERS,C,G,39.160485,66667.2,26.8368416631325,2745,28.9026540626693
451,BMW,Rolls-Royce,Phantom,19,MIDSIZE CARS,C,G,64.4,417180,17.2999,163,17.2718
452,BMW,Rolls-Royce,Phantom Drophead Coupe,19,COMPACT CARS,C,G,60,348840,17.2999,174,17.2718
453,BMW,Rolls-Royce,Phantom EWB,19,MIDSIZE CARS,C,G,68.9,413100,17.2999,41,17.2718
454,Ford,Roush,Stage 3 Mustang,2,SUBCOMPACT CARS,C,G,46.41,51000,20.6,186,22.7710248210042
455,GENERAL MOTORS,Saturn,Aura,9,MIDSIZE CARS,C,G,45,22494.1234639646,27.8293621217232,60399,32.777979950206
456,GENERAL MOTORS,Saturn,Aura Hybrid,9,MIDSIZE CARS,C,G,45,23245.8,35.7228,316,38.5815
457,GENERAL MOTORS,Saturn,Outlook AWD,12,SUV,T,G,55.8,32119.8,22.068,10308,23.9575
458,GENERAL MOTORS,Saturn,Outlook FWD,12,SUV,T,G,55.8,30079.8,24.5122,23024,24.7831
459,GENERAL MOTORS,Saturn,Vue AWD,14,SUV,T,G,45.7,27465.6671611078,23.6842934836683,23326,24.324
460,GENERAL MOTORS,Saturn,Vue FWD,14,SUV,C,G,45.7,23692.6157572281,26.3576401630314,81937,27.4828144901167
461,TOYOTA,Scion,Scion TC,7,SUBCOMPACT CARS,C,G,43.7749305555556,17105.4,30.6924997271563,54835,30.7496047141977
462,TOYOTA,Scion,Scion XB,8,SMALL STATION WAGONS,C,G,42.4291666666667,16595.4,31.5736632911309,60553,31.5647404193321
463,TOYOTA,Scion,Scion XD,7,SUBCOMPACT CARS,C,G,39.3878393120841,15473.4,38.1208167345108,32737,39.2588166828227
464,Daimler,Smart,Smart Fortwo Convertible,6,TWO SEATERS,C,G,40.2405208333333,17579.7,49.5029,7418,49.0337
465,Daimler,Smart,Smart Fortwo Coupe,6,TWO SEATERS,C,G,40.2405208333333,13499.7,49.5029,14209,49.115
466,Subaru,Subaru,Forester AWD,14,SUV,C,G,43.1,27357.5763915017,28.8592195925417,30406,28.8833903439159
467,Subaru,Subaru,Impreza AWD,8,COMPACT CARS,C,G,42.2,22661.34,28.9273591051946,27039,28.7767476284473
468,Subaru,Subaru,Impreza Wagon/Outback Sport AWD,8,SMALL STATION WAGONS,C,G,42.2,27888.84,28.4807954395467,32301,28.5970704080146
469,Subaru,Subaru,Legacy AWD,3,COMPACT CARS,C,G,46.2,25824.7067255021,28.767043456337,26288,32.0933229487687
470,Subaru,Subaru,Outback Wagon AWD,14,SUV,T,G,45.8,28643.8837464113,28.7866338894794,63741,31.0020495711693
471,Subaru,Subaru,Tribeca AWD,11,SUV,T,G,46.7,33598.8,23.2105,18805,23.3895
472,Suzuki,Suzuki,Grand Vitara,14,SUV,C,G,43.8,24088.7500348432,24.8225486537138,10619,27.6152182081144
473,Suzuki,Suzuki,Grand Vitara 4WD,14,SUV,T,G,43.8,25600.98,24.2415724680842,7377,26.172103076518
474,Suzuki,Suzuki,SX4,8,SMALL STATION WAGONS,C,G,40.3,17334.9,33.0319275112077,4946,33.8854579650654
475,Suzuki,Suzuki,SX4 AWD,8,SMALL STATION WAGONS,C,G,40.3,17334.9,30.9511008250832,15078,33.3808014981134
476,Suzuki,Suzuki,SX4 Sedan,8,COMPACT CARS,C,G,40.3,16212.9,33.2736744826438,22498,36.976689446907
477,TOYOTA,Toyota,4Runner 2WD,12,SUV,T,G,47.3,32380.0166804649,23.366170824256,25124,25.1574075094853
478,TOYOTA,Toyota,4Runner 4WD,11,SUV,T,G,47.3,34942.5456175038,21.9321248509936,41271,24.0558
479,TOYOTA,Toyota,Avalon,5,LARGE CARS,C,G,47.7320226924838,31831.14,29.323,61851,29.6248
480,TOYOTA,Toyota,Camry,9,MIDSIZE CARS,C,G,46.8956668505629,23085.2368956289,32.1046836633911,195054,33.2348549690941
481,TOYOTA,Toyota,Camry Hybrid,9,MIDSIZE CARS,C,G,46.8956668505629,26377.2,45.9416,32123,45.9416
482,TOYOTA,Toyota,Corolla,8,COMPACT CARS,C,G,42.5249810125711,16132.32,39.3061878226637,170360,39.3843736160005
483,TOYOTA,Toyota,Corolla Matrix,8,SMALL STATION WAGONS,C,G,42.5249810125711,17248.2,36.4042943333884,23891,34.7486152843596
484,TOYOTA,Toyota,FJ Cruiser 2WD,12,SUV,C,G,46.5,23694.6,23.4225,7838,24.7023
485,TOYOTA,Toyota,FJ Cruiser 4WD,12,SUV,T,G,46.5,24898.2,22.2175034331365,34093,23.6299388532841
486,TOYOTA,Toyota,Highlander 2WD,12,SUV,T,G,49,31281.36,25.9861,56899,26.7678325953877
487,TOYOTA,Toyota,Highlander 4WD,12,SUV,T,G,49,32760.36,24.8013,80769,24.8013
488,TOYOTA,Toyota,Highlander Hybrid 4WD,11,SUV,T,G,48.8,38260.2,35.1911,24241,35.1911
489,TOYOTA,Toyota,Land Cruiser Wagon 4WD,11,SUV,T,G,50.3,65162.7,18.9488,5089,18.9488
490,TOYOTA,Toyota,Prius,9,MIDSIZE CARS,C,G,43.3758681335987,23281.5,65.7778,171762,70.8442
491,TOYOTA,Toyota,RAV4 2WD,14,SUV,C,G,44.7,23937.8260974306,30.503295616671,67330,31.4169936403825
492,TOYOTA,Toyota,RAV4 4WD,14,SUV,T,G,44.7,25716.0698510325,28.7586983271108,97001,30.0224282102635
493,TOYOTA,Toyota,Sequoia 2WD,11,SUV,T,G,58,45809.7767604304,19.9382668306336,15891,20.160804077076
494,TOYOTA,Toyota,Sequoia 4WD,11,SUV,T,G,58,49084.4085077932,18.8834374705315,23482,18.4930622960224
495,TOYOTA,Toyota,Sienna 2WD,15,MINIVAN,T,G,54.9,30072.66,26.4628,116103,26.4628
496,TOYOTA,Toyota,Sienna 4WD,15,MINIVAN,T,G,55.2,34353.6,23.0032,13105,23.0032
497,TOYOTA,Toyota,Tacoma 2WD,17,SMALL PICKUP TRUCKS,T,G,53.4478149100257,21465.1505684971,25.1099474167226,84697,25.5715219438324
498,TOYOTA,Toyota,Tacoma 4WD,17,SMALL PICKUP TRUCKS,T,G,53.4478149100257,24036.6725570072,22.6854501615807,61615,22.7653354641645
499,TOYOTA,Toyota,Tundra 2WD 127WB,18,STANDARD PICKUP TRUCKS,T,G,59.8,25553.6570238756,21.1522470231598,8266.59,21.3578491262373
500,TOYOTA,Toyota,Tundra 2WD 145WB/164WB,18,STANDARD PICKUP TRUCKS,T,G,68.7,25375.2461980978,20.0129641061103,67997.41,20.9026230142306
501,TOYOTA,Toyota,Tundra 4WD 127WB/145WB,18,STANDARD PICKUP TRUCKS,T,G,68.5503987200809,35358.6232904058,18.256986861271,89268.14,19.1170181106051
502,TOYOTA,Toyota,Tundra 4WD 164WB,18,STANDARD PICKUP TRUCKS,T,G,77.5,34204.68,18.6065,2893.86,18.9662520766672
503,TOYOTA,Toyota,Yaris,7,SUBCOMPACT CARS,C,G,39.2963229805737,13454.82,42.0806658155156,120841,41.9741132184539
504,VOLKSWAGEN,Volkswagen,EOS,2,SUBCOMPACT CARS,C,G,49.6694185064543,35951.4139413681,31.7254893851419,13815,32.3574897747259
505,VOLKSWAGEN,Volkswagen,GTI,8,COMPACT CARS,C,G,42.3269097222222,24092.4,31.8207524985944,13325,32.9100488578873
506,VOLKSWAGEN,Volkswagen,Jetta,3,COMPACT CARS,C,G,42.3973958333333,23594.1728201424,30.0373147996885,87219,34.8092130603394
507,VOLKSWAGEN,Volkswagen,New Beetle,7,SUBCOMPACT CARS,C,G,40.5491666666667,21128.2873992477,30.3649775633004,14888,30.4601423641414
508,VOLKSWAGEN,Volkswagen,New Beetle Convertible,7,SUBCOMPACT CARS,C,G,40.5491666666667,26644.0857415173,29.8832324706877,13115,29.8496
509,VOLKSWAGEN,Volkswagen,Passat,9,MIDSIZE CARS,C,G,45.2734027777778,30331.8727526424,29.0836821823231,28667,32.3651
510,VOLKSWAGEN,Volkswagen,Passat Wagon,9,MIDSIZE STATION WAGONS,C,G,45.2734027777778,31869.3473543002,29.0552351564067,6709,32.3651
511,VOLKSWAGEN,Volkswagen,Rabbit,8,COMPACT CARS,C,G,42.4326388888889,17469.54,29.6756742295917,22371,35.2091624893097
512,VOLKSWAGEN,Volkswagen,Touareg,11,SUV,T,G,51.0873611111111,42673.4053769109,20.3457101656721,11382,23.1459520012844
513,Geely,Volvo,C30 FWD,3,COMPACT CARS,C,G,43.7967361111111,25443.9,28.8089908809222,5865,30.6125917364362
514,Geely,Volvo,C70,2,SUBCOMPACT CARS,C,G,44.3,40784.7,27.5992383009428,7220,28.4916157816044
515,Geely,Volvo,S40 AWD,3,COMPACT CARS,C,G,43.5,31732.2,26.8242,634,28.3384645312591
516,Geely,Volvo,S40 FWD,3,COMPACT CARS,C,G,43.5,25791.128860509,29.8873916166006,11119,29.8086590673269
517,Geely,Volvo,S80 AWD,4,MIDSIZE CARS,C,G,48.4,44538.5504191617,23.2292596468755,4175,23.6591143585147
518,Geely,Volvo,S80 FWD,4,MIDSIZE CARS,C,G,48.4,40239,24.0531,7258,26.2192
519,Geely,Volvo,V50 AWD,3,SMALL STATION WAGONS,C,G,43.5,32956.2,26.8242,372,28.3796483679555
520,Geely,Volvo,V50 FWD,8,SMALL STATION WAGONS,C,G,43.5,28443.8027944112,29.7846120176158,1503,29.764
521,Geely,Volvo,V70 FWD,9,MIDSIZE STATION WAGONS,C,G,48.1,33874.2,24.0531,3862,26.2192
522,Geely,Volvo,XC 70 AWD,11,SUV,T,G,48,38270.4,22.1142,12793,23.363290963951
523,Geely,Volvo,XC 90 AWD,11,SUV,T,G,50.1,50930.64,20.4720519805665,19955,22.0481534684511
524,Geely,Volvo,XC 90 FWD,11,SUV,C,G,50.1,37734.9,20.9469,10049,22.44
