Date,Anomaly
185412,-0.08
185501,-0.07
185502,-0.07
185503,-0.06
185504,-0.06
185505,-0.06
185506,-0.06
185507,-0.06
185508,-0.06
185509,-0.06
185510,-0.05
185511,-0.05
185512,-0.05
185601,-0.05
185602,-0.04
185603,-0.04
185604,-0.04
185605,-0.04
185606,-0.04
185607,-0.04
185608,-0.05
185609,-0.05
185610,-0.06
185611,-0.06
185612,-0.06
185701,-0.07
185702,-0.07
185703,-0.06
185704,-0.06
185705,-0.07
185706,-0.07
185707,-0.08
185708,-0.08
185709,-0.08
185710,-0.09
185711,-0.09
185712,-0.09
185801,-0.09
185802,-0.09
185803,-0.09
185804,-0.09
185805,-0.09
185806,-0.1
185807,-0.1
185808,-0.1
185809,-0.11
185810,-0.11
185811,-0.11
185812,-0.11
185901,-0.11
185902,-0.1
185903,-0.1
185904,-0.1
185905,-0.1
185906,-0.1
185907,-0.1
185908,-0.1
185909,-0.1
185910,-0.11
185911,-0.11
185912,-0.11
186001,-0.11
186002,-0.11
186003,-0.11
186004,-0.11
186005,-0.12
186006,-0.12
186007,-0.12
186008,-0.12
186009,-0.12
186010,-0.13
186011,-0.13
186012,-0.14
186101,-0.15
186102,-0.16
186103,-0.16
186104,-0.16
186105,-0.17
186106,-0.17
186107,-0.17
186108,-0.17
186109,-0.17
186110,-0.17
186111,-0.16
186112,-0.17
186201,-0.17
186202,-0.17
186203,-0.18
186204,-0.18
186205,-0.18
186206,-0.18
186207,-0.18
186208,-0.19
186209,-0.19
186210,-0.19
186211,-0.19
186212,-0.2
186301,-0.2
186302,-0.2
186303,-0.2
186304,-0.2
186305,-0.2
186306,-0.2
186307,-0.2
186308,-0.2
186309,-0.2
186310,-0.21
186311,-0.21
186312,-0.21
186401,-0.21
186402,-0.22
186403,-0.22
186404,-0.22
186405,-0.22
186406,-0.22
186407,-0.22
186408,-0.23
186409,-0.23
186410,-0.23
186411,-0.23
186412,-0.24
186501,-0.24
186502,-0.24
186503,-0.24
186504,-0.24
186505,-0.24
186506,-0.24
186507,-0.23
186508,-0.23
186509,-0.23
186510,-0.22
186511,-0.22
186512,-0.21
186601,-0.2
186602,-0.2
186603,-0.19
186604,-0.19
186605,-0.19
186606,-0.19
186607,-0.18
186608,-0.18
186609,-0.18
186610,-0.18
186611,-0.18
186612,-0.18
186701,-0.18
186702,-0.17
186703,-0.17
186704,-0.17
186705,-0.17
186706,-0.17
186707,-0.17
186708,-0.17
186709,-0.16
186710,-0.16
186711,-0.15
186712,-0.15
186801,-0.16
186802,-0.16
186803,-0.15
186804,-0.16
186805,-0.15
186806,-0.15
186807,-0.15
186808,-0.15
186809,-0.14
186810,-0.14
186811,-0.14
186812,-0.14
186901,-0.13
186902,-0.13
186903,-0.12
186904,-0.12
186905,-0.12
186906,-0.12
186907,-0.12
186908,-0.12
186909,-0.12
186910,-0.12
186911,-0.12
186912,-0.11
187001,-0.12
187002,-0.12
187003,-0.12
187004,-0.12
187005,-0.11
187006,-0.12
187007,-0.12
187008,-0.12
187009,-0.12
187010,-0.12
187011,-0.12
187012,-0.13
187101,-0.14
187102,-0.14
187103,-0.14
187104,-0.14
187105,-0.14
187106,-0.13
187107,-0.13
187108,-0.13
187109,-0.13
187110,-0.14
187111,-0.14
187112,-0.14
187201,-0.14
187202,-0.14
187203,-0.14
187204,-0.14
187205,-0.14
187206,-0.14
187207,-0.14
187208,-0.14
187209,-0.14
187210,-0.14
187211,-0.14
187212,-0.14
187301,-0.14
187302,-0.14
187303,-0.15
187304,-0.15
187305,-0.15
187306,-0.15
187307,-0.15
187308,-0.15
187309,-0.15
187310,-0.16
187311,-0.15
187312,-0.16
187401,-0.16
187402,-0.17
187403,-0.17
187404,-0.17
187405,-0.18
187406,-0.18
187407,-0.18
187408,-0.18
187409,-0.18
187410,-0.18
187411,-0.19
187412,-0.19
187501,-0.19
187502,-0.19
187503,-0.19
187504,-0.19
187505,-0.19
187506,-0.19
187507,-0.19
187508,-0.2
187509,-0.2
187510,-0.2
187511,-0.2
187512,-0.2
187601,-0.2
187602,-0.2
187603,-0.2
187604,-0.21
187605,-0.21
187606,-0.22
187607,-0.22
187608,-0.22
187609,-0.22
187610,-0.22
187611,-0.22
187612,-0.22
187701,-0.21
187702,-0.21
187703,-0.21
187704,-0.2
187705,-0.2
187706,-0.19
187707,-0.19
187708,-0.18
187709,-0.18
187710,-0.17
187711,-0.16
187712,-0.15
187801,-0.15
187802,-0.14
187803,-0.13
187804,-0.12
187805,-0.11
187806,-0.11
187807,-0.1
187808,-0.1
187809,-0.1
187810,-0.1
187811,-0.09
187812,-0.09
187901,-0.09
187902,-0.09
187903,-0.08
187904,-0.08
187905,-0.07
187906,-0.07
187907,-0.07
187908,-0.07
187909,-0.07
187910,-0.07
187911,-0.07
187912,-0.07
188001,-0.07
188002,-0.08
188003,-0.08
188004,-0.07
188005,-0.07
188006,-0.07
188007,-0.08
188008,-0.07
188009,-0.07
188010,-0.07
188011,-0.07
188012,-0.06
188101,-0.06
188102,-0.06
188103,-0.05
188104,-0.05
188105,-0.04
188106,-0.04
188107,-0.04
188108,-0.03
188109,-0.03
188110,-0.04
188111,-0.04
188112,-0.03
188201,-0.03
188202,-0.03
188203,-0.03
188204,-0.04
188205,-0.04
188206,-0.04
188207,-0.05
188208,-0.06
188209,-0.06
188210,-0.07
188211,-0.08
188212,-0.09
188301,-0.09
188302,-0.1
188303,-0.11
188304,-0.12
188305,-0.12
188306,-0.12
188307,-0.13
188308,-0.13
188309,-0.14
188310,-0.14
188311,-0.15
188312,-0.15
188401,-0.15
188402,-0.15
188403,-0.16
188404,-0.16
188405,-0.17
188406,-0.17
188407,-0.17
188408,-0.18
188409,-0.18
188410,-0.18
188411,-0.18
188412,-0.18
188501,-0.18
188502,-0.18
188503,-0.18
188504,-0.19
188505,-0.19
188506,-0.19
188507,-0.2
188508,-0.2
188509,-0.2
188510,-0.2
188511,-0.2
188512,-0.2
188601,-0.2
188602,-0.21
188603,-0.21
188604,-0.22
188605,-0.22
188606,-0.23
188607,-0.23
188608,-0.23
188609,-0.23
188610,-0.23
188611,-0.23
188612,-0.24
188701,-0.25
188702,-0.25
188703,-0.26
188704,-0.26
188705,-0.27
188706,-0.27
188707,-0.27
188708,-0.27
188709,-0.27
188710,-0.27
188711,-0.27
188712,-0.27
188801,-0.27
188802,-0.27
188803,-0.27
188804,-0.27
188805,-0.27
188806,-0.28
188807,-0.27
188808,-0.27
188809,-0.27
188810,-0.26
188811,-0.26
188812,-0.25
188901,-0.25
188902,-0.24
188903,-0.23
188904,-0.23
188905,-0.22
188906,-0.22
188907,-0.21
188908,-0.21
188909,-0.2
188910,-0.2
188911,-0.2
188912,-0.2
189001,-0.2
189002,-0.2
189003,-0.2
189004,-0.2
189005,-0.2
189006,-0.2
189007,-0.2
189008,-0.2
189009,-0.2
189010,-0.2
189011,-0.21
189012,-0.21
189101,-0.21
189102,-0.21
189103,-0.21
189104,-0.21
189105,-0.21
189106,-0.21
189107,-0.2
189108,-0.2
189109,-0.2
189110,-0.2
189111,-0.2
189112,-0.2
189201,-0.19
189202,-0.19
189203,-0.19
189204,-0.18
189205,-0.18
189206,-0.18
189207,-0.18
189208,-0.18
189209,-0.18
189210,-0.18
189211,-0.19
189212,-0.18
189301,-0.19
189302,-0.19
189303,-0.2
189304,-0.2
189305,-0.2
189306,-0.2
189307,-0.2
189308,-0.21
189309,-0.21
189310,-0.22
189311,-0.22
189312,-0.23
189401,-0.24
189402,-0.25
189403,-0.26
189404,-0.27
189405,-0.27
189406,-0.28
189407,-0.28
189408,-0.28
189409,-0.29
189410,-0.29
189411,-0.29
189412,-0.29
189501,-0.29
189502,-0.29
189503,-0.29
189504,-0.28
189505,-0.28
189506,-0.28
189507,-0.28
189508,-0.27
189509,-0.27
189510,-0.27
189511,-0.27
189512,-0.26
189601,-0.26
189602,-0.26
189603,-0.25
189604,-0.26
189605,-0.26
189606,-0.26
189607,-0.26
189608,-0.25
189609,-0.25
189610,-0.25
189611,-0.24
189612,-0.24
189701,-0.24
189702,-0.24
189703,-0.24
189704,-0.23
189705,-0.23
189706,-0.23
189707,-0.22
189708,-0.22
189709,-0.22
189710,-0.22
189711,-0.21
189712,-0.21
189801,-0.2
189802,-0.2
189803,-0.2
189804,-0.2
189805,-0.2
189806,-0.2
189807,-0.2
189808,-0.2
189809,-0.19
189810,-0.19
189811,-0.2
189812,-0.19
189901,-0.19
189902,-0.19
189903,-0.19
189904,-0.18
189905,-0.18
189906,-0.18
189907,-0.18
189908,-0.18
189909,-0.17
189910,-0.17
189911,-0.16
189912,-0.16
190001,-0.16
190002,-0.15
190003,-0.15
190004,-0.15
190005,-0.14
190006,-0.14
190007,-0.14
190008,-0.14
190009,-0.14
190010,-0.13
190011,-0.13
190012,-0.13
190101,-0.13
190102,-0.13
190103,-0.12
190104,-0.12
190105,-0.12
190106,-0.12
190107,-0.12
190108,-0.12
190109,-0.12
190110,-0.13
190111,-0.13
190112,-0.13
190201,-0.13
190202,-0.13
190203,-0.13
190204,-0.14
190205,-0.14
190206,-0.14
190207,-0.14
190208,-0.15
190209,-0.15
190210,-0.15
190211,-0.15
190212,-0.16
190301,-0.16
190302,-0.16
190303,-0.15
190304,-0.15
190305,-0.15
190306,-0.16
190307,-0.16
190308,-0.17
190309,-0.17
190310,-0.17
190311,-0.17
190312,-0.18
190401,-0.18
190402,-0.19
190403,-0.19
190404,-0.19
190405,-0.2
190406,-0.2
190407,-0.21
190408,-0.21
190409,-0.22
190410,-0.23
190411,-0.23
190412,-0.23
190501,-0.23
190502,-0.24
190503,-0.25
190504,-0.25
190505,-0.25
190506,-0.25
190507,-0.26
190508,-0.26
190509,-0.26
190510,-0.27
190511,-0.27
190512,-0.27
190601,-0.27
190602,-0.28
190603,-0.28
190604,-0.28
190605,-0.28
190606,-0.28
190607,-0.28
190608,-0.28
190609,-0.29
190610,-0.28
190611,-0.28
190612,-0.28
190701,-0.29
190702,-0.29
190703,-0.29
190704,-0.29
190705,-0.3
190706,-0.3
190707,-0.3
190708,-0.3
190709,-0.31
190710,-0.31
190711,-0.31
190712,-0.31
190801,-0.31
190802,-0.31
190803,-0.32
190804,-0.32
190805,-0.32
190806,-0.32
190807,-0.32
190808,-0.32
190809,-0.32
190810,-0.32
190811,-0.32
190812,-0.32
190901,-0.32
190902,-0.32
190903,-0.32
190904,-0.32
190905,-0.32
190906,-0.32
190907,-0.32
190908,-0.32
190909,-0.32
190910,-0.32
190911,-0.32
190912,-0.32
191001,-0.32
191002,-0.32
191003,-0.32
191004,-0.32
191005,-0.33
191006,-0.33
191007,-0.33
191008,-0.33
191009,-0.33
191010,-0.33
191011,-0.34
191012,-0.34
191101,-0.35
191102,-0.35
191103,-0.36
191104,-0.37
191105,-0.37
191106,-0.38
191107,-0.38
191108,-0.39
191109,-0.39
191110,-0.39
191111,-0.39
191112,-0.39
191201,-0.39
191202,-0.39
191203,-0.39
191204,-0.39
191205,-0.38
191206,-0.38
191207,-0.38
191208,-0.38
191209,-0.39
191210,-0.39
191211,-0.39
191212,-0.39
191301,-0.39
191302,-0.39
191303,-0.39
191304,-0.39
191305,-0.39
191306,-0.39
191307,-0.39
191308,-0.38
191309,-0.38
191310,-0.38
191311,-0.38
191312,-0.37
191401,-0.36
191402,-0.35
191403,-0.35
191404,-0.35
191405,-0.34
191406,-0.34
191407,-0.33
191408,-0.33
191409,-0.33
191410,-0.32
191411,-0.32
191412,-0.31
191501,-0.31
191502,-0.3
191503,-0.3
191504,-0.29
191505,-0.28
191506,-0.28
191507,-0.28
191508,-0.27
191509,-0.27
191510,-0.27
191511,-0.26
191512,-0.26
191601,-0.25
191602,-0.24
191603,-0.23
191604,-0.23
191605,-0.23
191606,-0.23
191607,-0.22
191608,-0.22
191609,-0.22
191610,-0.22
191611,-0.23
191612,-0.24
191701,-0.24
191702,-0.25
191703,-0.25
191704,-0.26
191705,-0.26
191706,-0.27
191707,-0.26
191708,-0.26
191709,-0.25
191710,-0.25
191711,-0.25
191712,-0.26
191801,-0.26
191802,-0.26
191803,-0.26
191804,-0.26
191805,-0.26
191806,-0.26
191807,-0.26
191808,-0.26
191809,-0.26
191810,-0.25
191811,-0.25
191812,-0.25
191901,-0.25
191902,-0.26
191903,-0.26
191904,-0.25
191905,-0.25
191906,-0.26
191907,-0.26
191908,-0.26
191909,-0.26
191910,-0.26
191911,-0.27
191912,-0.27
192001,-0.27
192002,-0.28
192003,-0.28
192004,-0.28
192005,-0.29
192006,-0.29
192007,-0.29
192008,-0.3
192009,-0.3
192010,-0.3
192011,-0.3
192012,-0.3
192101,-0.3
192102,-0.3
192103,-0.3
192104,-0.31
192105,-0.31
192106,-0.3
192107,-0.3
192108,-0.3
192109,-0.3
192110,-0.29
192111,-0.29
192112,-0.28
192201,-0.27
192202,-0.27
192203,-0.26
192204,-0.25
192205,-0.25
192206,-0.25
192207,-0.25
192208,-0.25
192209,-0.25
192210,-0.25
192211,-0.24
192212,-0.24
192301,-0.23
192302,-0.23
192303,-0.23
192304,-0.23
192305,-0.23
192306,-0.22
192307,-0.23
192308,-0.23
192309,-0.23
192310,-0.23
192311,-0.23
192312,-0.23
192401,-0.23
192402,-0.23
192403,-0.22
192404,-0.23
192405,-0.23
192406,-0.22
192407,-0.22
192408,-0.22
192409,-0.22
192410,-0.23
192411,-0.22
192412,-0.22
192501,-0.23
192502,-0.23
192503,-0.23
192504,-0.23
192505,-0.23
192506,-0.23
192507,-0.23
192508,-0.23
192509,-0.23
192510,-0.23
192511,-0.23
192512,-0.22
192601,-0.21
192602,-0.21
192603,-0.2
192604,-0.2
192605,-0.2
192606,-0.2
192607,-0.2
192608,-0.2
192609,-0.2
192610,-0.2
192611,-0.2
192612,-0.2
192701,-0.2
192702,-0.2
192703,-0.2
192704,-0.2
192705,-0.2
192706,-0.2
192707,-0.2
192708,-0.19
192709,-0.19
192710,-0.18
192711,-0.18
192712,-0.19
192801,-0.18
192802,-0.18
192803,-0.18
192804,-0.18
192805,-0.17
192806,-0.17
192807,-0.17
192808,-0.17
192809,-0.17
192810,-0.17
192811,-0.17
192812,-0.17
192901,-0.17
192902,-0.18
192903,-0.18
192904,-0.18
192905,-0.19
192906,-0.19
192907,-0.19
192908,-0.19
192909,-0.19
192910,-0.19
192911,-0.18
192912,-0.19
193001,-0.18
193002,-0.18
193003,-0.18
193004,-0.18
193005,-0.18
193006,-0.18
193007,-0.17
193008,-0.17
193009,-0.17
193010,-0.17
193011,-0.17
193012,-0.17
193101,-0.17
193102,-0.17
193103,-0.18
193104,-0.18
193105,-0.18
193106,-0.18
193107,-0.17
193108,-0.17
193109,-0.17
193110,-0.17
193111,-0.17
193112,-0.16
193201,-0.16
193202,-0.16
193203,-0.15
193204,-0.15
193205,-0.15
193206,-0.15
193207,-0.15
193208,-0.15
193209,-0.15
193210,-0.15
193211,-0.15
193212,-0.15
193301,-0.15
193302,-0.16
193303,-0.16
193304,-0.16
193305,-0.16
193306,-0.16
193307,-0.16
193308,-0.16
193309,-0.16
193310,-0.16
193311,-0.17
193312,-0.17
193401,-0.17
193402,-0.16
193403,-0.16
193404,-0.16
193405,-0.15
193406,-0.15
193407,-0.15
193408,-0.14
193409,-0.14
193410,-0.14
193411,-0.13
193412,-0.13
193501,-0.13
193502,-0.12
193503,-0.12
193504,-0.12
193505,-0.13
193506,-0.13
193507,-0.13
193508,-0.13
193509,-0.13
193510,-0.13
193511,-0.13
193512,-0.13
193601,-0.14
193602,-0.14
193603,-0.14
193604,-0.14
193605,-0.14
193606,-0.15
193607,-0.15
193608,-0.15
193609,-0.15
193610,-0.15
193611,-0.15
193612,-0.15
193701,-0.15
193702,-0.15
193703,-0.15
193704,-0.15
193705,-0.15
193706,-0.15
193707,-0.14
193708,-0.14
193709,-0.14
193710,-0.13
193711,-0.13
193712,-0.12
193801,-0.12
193802,-0.11
193803,-0.11
193804,-0.11
193805,-0.1
193806,-0.1
193807,-0.1
193808,-0.09
193809,-0.09
193810,-0.08
193811,-0.08
193812,-0.07
193901,-0.07
193902,-0.07
193903,-0.07
193904,-0.07
193905,-0.07
193906,-0.06
193907,-0.06
193908,-0.06
193909,-0.06
193910,-0.06
193911,-0.06
193912,-0.05
194001,-0.04
194002,-0.04
194003,-0.04
194004,-0.03
194005,-0.02
194006,-0.02
194007,-0.01
194008,-0.01
194009,-0.01
194010,0
194011,0
194012,0.01
194101,0.02
194102,0.03
194103,0.03
194104,0.04
194105,0.05
194106,0.05
194107,0.06
194108,0.06
194109,0.06
194110,0.07
194111,0.07
194112,0.08
194201,0.08
194202,0.08
194203,0.09
194204,0.09
194205,0.1
194206,0.1
194207,0.1
194208,0.1
194209,0.1
194210,0.1
194211,0.1
194212,0.1
194301,0.1
194302,0.1
194303,0.09
194304,0.1
194305,0.1
194306,0.1
194307,0.1
194308,0.1
194309,0.1
194310,0.1
194311,0.11
194312,0.11
194401,0.12
194402,0.12
194403,0.13
194404,0.14
194405,0.14
194406,0.14
194407,0.15
194408,0.15
194409,0.15
194410,0.16
194411,0.16
194412,0.16
194501,0.16
194502,0.16
194503,0.16
194504,0.16
194505,0.16
194506,0.16
194507,0.16
194508,0.16
194509,0.16
194510,0.16
194511,0.16
194512,0.16
194601,0.16
194602,0.15
194603,0.15
194604,0.15
194605,0.14
194606,0.14
194607,0.13
194608,0.13
194609,0.12
194610,0.12
194611,0.11
194612,0.1
194701,0.1
194702,0.1
194703,0.1
194704,0.1
194705,0.1
194706,0.1
194707,0.1
194708,0.09
194709,0.09
194710,0.09
194711,0.09
194712,0.09
194801,0.09
194802,0.08
194803,0.08
194804,0.08
194805,0.08
194806,0.08
194807,0.08
194808,0.08
194809,0.07
194810,0.07
194811,0.06
194812,0.06
194901,0.05
194902,0.05
194903,0.04
194904,0.04
194905,0.03
194906,0.03
194907,0.02
194908,0.02
194909,0.01
194910,0.01
194911,0
194912,0
195001,-0.01
195002,-0.01
195003,-0.02
195004,-0.02
195005,-0.03
195006,-0.03
195007,-0.03
195008,-0.04
195009,-0.04
195010,-0.05
195011,-0.06
195012,-0.06
195101,-0.07
195102,-0.07
195103,-0.08
195104,-0.08
195105,-0.08
195106,-0.08
195107,-0.07
195108,-0.07
195109,-0.07
195110,-0.06
195111,-0.06
195112,-0.06
195201,-0.06
195202,-0.05
195203,-0.05
195204,-0.05
195205,-0.05
195206,-0.06
195207,-0.05
195208,-0.05
195209,-0.05
195210,-0.05
195211,-0.05
195212,-0.05
195301,-0.05
195302,-0.04
195303,-0.04
195304,-0.03
195305,-0.03
195306,-0.03
195307,-0.02
195308,-0.02
195309,-0.02
195310,-0.02
195311,-0.02
195312,-0.01
195401,-0.02
195402,-0.02
195403,-0.02
195404,-0.02
195405,-0.02
195406,-0.02
195407,-0.02
195408,-0.02
195409,-0.02
195410,-0.02
195411,-0.02
195412,-0.02
195501,-0.01
195502,-0.01
195503,-0.02
195504,-0.02
195505,-0.02
195506,-0.02
195507,-0.02
195508,-0.02
195509,-0.02
195510,-0.02
195511,-0.02
195512,-0.02
195601,-0.02
195602,-0.01
195603,-0.01
195604,-0.01
195605,-0.02
195606,-0.02
195607,-0.02
195608,-0.03
195609,-0.03
195610,-0.04
195611,-0.04
195612,-0.05
195701,-0.05
195702,-0.05
195703,-0.05
195704,-0.05
195705,-0.05
195706,-0.05
195707,-0.05
195708,-0.05
195709,-0.05
195710,-0.05
195711,-0.04
195712,-0.04
195801,-0.04
195802,-0.04
195803,-0.04
195804,-0.04
195805,-0.04
195806,-0.05
195807,-0.04
195808,-0.04
195809,-0.04
195810,-0.05
195811,-0.05
195812,-0.04
195901,-0.04
195902,-0.04
195903,-0.03
195904,-0.03
195905,-0.02
195906,-0.02
195907,-0.02
195908,-0.01
195909,-0.01
195910,-0.01
195911,-0.01
195912,-0.01
196001,-0.01
196002,-0.01
196003,-0.01
196004,0
196005,0
196006,0
196007,0
196008,0
196009,0
196010,0.01
196011,0.01
196012,0.02
196101,0.02
196102,0.02
196103,0.03
196104,0.04
196105,0.04
196106,0.05
196107,0.05
196108,0.05
196109,0.06
196110,0.06
196111,0.07
196112,0.06
196201,0.07
196202,0.07
196203,0.07
196204,0.07
196205,0.07
196206,0.07
196207,0.07
196208,0.07
196209,0.06
196210,0.06
196211,0.06
196212,0.06
196301,0.06
196302,0.06
196303,0.05
196304,0.05
196305,0.05
196306,0.05
196307,0.05
196308,0.05
196309,0.05
196310,0.06
196311,0.06
196312,0.06
196401,0.06
196402,0.05
196403,0.04
196404,0.04
196405,0.03
196406,0.03
196407,0.03
196408,0.03
196409,0.02
196410,0.02
196411,0.01
196412,0.01
196501,0.01
196502,0
196503,0
196504,0
196505,0
196506,0
196507,0
196508,0
196509,0
196510,0
196511,0
196512,-0.01
196601,-0.01
196602,-0.01
196603,-0.02
196604,-0.02
196605,-0.02
196606,-0.03
196607,-0.02
196608,-0.03
196609,-0.03
196610,-0.03
196611,-0.03
196612,-0.03
196701,-0.03
196702,-0.04
196703,-0.04
196704,-0.04
196705,-0.04
196706,-0.04
196707,-0.04
196708,-0.04
196709,-0.04
196710,-0.03
196711,-0.04
196712,-0.04
196801,-0.04
196802,-0.05
196803,-0.04
196804,-0.04
196805,-0.04
196806,-0.04
196807,-0.05
196808,-0.05
196809,-0.05
196810,-0.06
196811,-0.06
196812,-0.06
196901,-0.06
196902,-0.06
196903,-0.06
196904,-0.05
196905,-0.04
196906,-0.04
196907,-0.04
196908,-0.04
196909,-0.03
196910,-0.02
196911,-0.02
196912,-0.01
197001,-0.01
197002,0
197003,0.01
197004,0.01
197005,0.01
197006,0.01
197007,0.02
197008,0.01
197009,0.02
197010,0.02
197011,0.02
197012,0.02
197101,0.02
197102,0.02
197103,0.02
197104,0.02
197105,0.02
197106,0.01
197107,0.01
197108,0.01
197109,0.01
197110,0.01
197111,0.01
197112,0.01
197201,0.01
197202,0.01
197203,0.01
197204,0.01
197205,0.01
197206,0.01
197207,0.01
197208,0.02
197209,0.02
197210,0.02
197211,0.02
197212,0.02
197301,0.03
197302,0.04
197303,0.04
197304,0.05
197305,0.05
197306,0.06
197307,0.06
197308,0.06
197309,0.07
197310,0.07
197311,0.07
197312,0.07
197401,0.07
197402,0.07
197403,0.07
197404,0.06
197405,0.06
197406,0.06
197407,0.06
197408,0.06
197409,0.06
197410,0.05
197411,0.05
197412,0.04
197501,0.04
197502,0.04
197503,0.04
197504,0.04
197505,0.04
197506,0.04
197507,0.04
197508,0.04
197509,0.04
197510,0.04
197511,0.03
197512,0.03
197601,0.03
197602,0.04
197603,0.03
197604,0.04
197605,0.03
197606,0.03
197607,0.03
197608,0.03
197609,0.03
197610,0.03
197611,0.03
197612,0.03
197701,0.04
197702,0.05
197703,0.05
197704,0.05
197705,0.06
197706,0.06
197707,0.06
197708,0.06
197709,0.06
197710,0.06
197711,0.07
197712,0.06
197801,0.06
197802,0.06
197803,0.06
197804,0.05
197805,0.05
197806,0.05
197807,0.05
197808,0.04
197809,0.04
197810,0.04
197811,0.04
197812,0.05
197901,0.05
197902,0.05
197903,0.06
197904,0.06
197905,0.06
197906,0.06
197907,0.07
197908,0.07
197909,0.07
197910,0.08
197911,0.09
197912,0.1
198001,0.1
198002,0.11
198003,0.11
198004,0.11
198005,0.12
198006,0.12
198007,0.13
198008,0.13
198009,0.14
198010,0.14
198011,0.15
198012,0.15
198101,0.16
198102,0.17
198103,0.18
198104,0.19
198105,0.2
198106,0.2
198107,0.21
198108,0.21
198109,0.22
198110,0.23
198111,0.23
198112,0.24
198201,0.23
198202,0.23
198203,0.23
198204,0.23
198205,0.23
198206,0.22
198207,0.22
198208,0.22
198209,0.22
198210,0.22
198211,0.22
198212,0.23
198301,0.24
198302,0.24
198303,0.24
198304,0.25
198305,0.25
198306,0.25
198307,0.26
198308,0.26
198309,0.27
198310,0.27
198311,0.28
198312,0.28
198401,0.28
198402,0.28
198403,0.29
198404,0.29
198405,0.29
198406,0.29
198407,0.29
198408,0.29
198409,0.29
198410,0.29
198411,0.28
198412,0.28
198501,0.27
198502,0.27
198503,0.26
198504,0.26
198505,0.26
198506,0.26
198507,0.25
198508,0.25
198509,0.25
198510,0.25
198511,0.25
198512,0.24
198601,0.24
198602,0.24
198603,0.24
198604,0.24
198605,0.24
198606,0.23
198607,0.23
198608,0.23
198609,0.23
198610,0.23
198611,0.22
198612,0.22
198701,0.22
198702,0.23
198703,0.23
198704,0.23
198705,0.23
198706,0.24
198707,0.24
198708,0.25
198709,0.25
198710,0.25
198711,0.25
198712,0.25
198801,0.25
198802,0.25
198803,0.26
198804,0.26
198805,0.26
198806,0.26
198807,0.26
198808,0.27
198809,0.26
198810,0.27
198811,0.26
198812,0.26
198901,0.26
198902,0.26
198903,0.26
198904,0.27
198905,0.26
198906,0.27
198907,0.27
198908,0.27
198909,0.27
198910,0.28
198911,0.28
198912,0.28
199001,0.29
199002,0.29
199003,0.3
199004,0.31
199005,0.31
199006,0.32
199007,0.32
199008,0.33
199009,0.33
199010,0.33
199011,0.34
199012,0.34
199101,0.34
199102,0.35
199103,0.35
199104,0.35
199105,0.35
199106,0.36
199107,0.37
199108,0.37
199109,0.37
199110,0.38
199111,0.38
199112,0.38
199201,0.38
199202,0.38
199203,0.39
199204,0.39
199205,0.39
199206,0.39
199207,0.38
199208,0.38
199209,0.37
199210,0.37
199211,0.36
199212,0.36
199301,0.36
199302,0.36
199303,0.35
199304,0.35
199305,0.35
199306,0.35
199307,0.34
199308,0.34
199309,0.34
199310,0.34
199311,0.33
199312,0.33
199401,0.33
199402,0.33
199403,0.33
199404,0.33
199405,0.33
199406,0.34
199407,0.34
199408,0.34
199409,0.34
199410,0.34
199411,0.34
199412,0.34
199501,0.34
199502,0.35
199503,0.35
199504,0.34
199505,0.34
199506,0.34
199507,0.34
199508,0.35
199509,0.35
199510,0.35
199511,0.35
199512,0.35
199601,0.35
199602,0.35
199603,0.35
199604,0.34
199605,0.34
199606,0.34
199607,0.33
199608,0.34
199609,0.33
199610,0.33
199611,0.33
199612,0.33
199701,0.33
199702,0.33
199703,0.33
199704,0.33
199705,0.33
199706,0.34
199707,0.34
199708,0.35
199709,0.36
199710,0.37
199711,0.38
199712,0.38
199801,0.39
199802,0.39
199803,0.4
199804,0.41
199805,0.41
199806,0.42
199807,0.43
199808,0.44
199809,0.44
199810,0.44
199811,0.45
199812,0.46
199901,0.46
199902,0.47
199903,0.47
199904,0.47
199905,0.47
199906,0.47
199907,0.47
199908,0.47
199909,0.47
199910,0.47
199911,0.47
199912,0.47
200001,0.47
200002,0.47
200003,0.47
200004,0.47
200005,0.47
200006,0.47
200007,0.46
200008,0.46
200009,0.46
200010,0.46
200011,0.46
200012,0.46
200101,0.46
200102,0.46
200103,0.46
200104,0.47
200105,0.47
200106,0.47
200107,0.48
200108,0.48
200109,0.48
200110,0.49
200111,0.49
200112,0.5
200201,0.51
200202,0.51
200203,0.52
200204,0.52
200205,0.52
200206,0.52
200207,0.53
200208,0.53
200209,0.53
200210,0.53
200211,0.53
200212,0.53
200301,0.53
200302,0.52
200303,0.52
200304,0.52
200305,0.52
200306,0.52
200307,0.51
200308,0.51
200309,0.52
200310,0.52
200311,0.52
200312,0.52
200401,0.53
200402,0.53
200403,0.53
200404,0.54
200405,0.54
200406,0.54
200407,0.54
200408,0.54
200409,0.54
200410,0.55
200411,0.55
200412,0.55
200501,0.56
200502,0.56
200503,0.57
200504,0.57
200505,0.57
200506,0.58
200507,0.58
200508,0.59
200509,0.59
200510,0.6
200511,0.6
200512,0.61
200601,0.61
200602,0.62
200603,0.62
200604,0.62
200605,0.62
200606,0.62
200607,0.62
200608,0.62
200609,0.63
200610,0.63
200611,0.63
200612,0.63
200701,0.64
200702,0.64
200703,0.63
200704,0.64
200705,0.64
200706,0.64
200707,0.64
200708,0.64
200709,0.64
200710,0.64
200711,0.64
200712,0.64
200801,0.63
200802,0.63
200803,0.63
200804,0.63
200805,0.62
200806,0.62
200807,0.62
200808,0.62
200809,0.62
200810,0.62
200811,0.62
200812,0.62
200901,0.62
200902,0.62
200903,0.62
200904,0.62
200905,0.62
200906,0.62
200907,0.63
200908,0.63
200909,0.64
200910,0.64
200911,0.64
200912,0.64
201001,0.64
201002,0.64
201003,0.65
201004,0.65
201005,0.65
201006,0.65
201007,0.65
201008,0.65
201009,0.65
201010,0.65
201011,0.65
201012,0.65
201101,0.65
201102,0.64
201103,0.64
201104,0.65
201105,0.65
201106,0.65
201107,0.65
201108,0.65
201109,0.65
201110,0.65
201111,0.65
201112,0.64
201201,0.64
201202,0.63
201203,0.63
201204,0.63
201205,0.63
201206,0.63
201207,0.63
201208,0.63
201209,0.64
201210,0.64
201211,0.64
201212,0.64
201301,0.65
201302,0.66
201303,0.65
201304,0.66
201305,0.66
201306,0.66
201307,0.66
201308,0.66
201309,0.67
201310,0.67
201311,0.67
201312,0.67
201401,0.67
201402,0.67
201403,0.68
201404,0.68
201405,0.68
201406,0.68
201407,0.68
201408,0.69
201409,0.69
201410,0.69
201411,0.69
201412,0.69
201501,0.69
201502,0.69
201503,0.69
201504,0.69
201505,0.69
201506,0.69
201507,0.7
201508,0.7
201509,0.7
201510,0.71
201511,0.71
201512,0.72
201601,0.74
201602,0.75
201603,0.76
201604,0.77
201605,0.78
201606,0.78
201607,0.78
201608,0.79
201609,0.79
201610,0.8
201611,0.8
201612,0.81
201701,0.82
201702,0.83
201703,0.84
201704,0.84
201705,0.84
201706,0.84
201707,0.85
201708,0.85
201709,0.85
201710,0.86
201711,0.86
201712,0.86
201801,0.87
201802,0.87
201803,0.88
201804,0.88
201805,0.88
201806,0.89
201807,0.89
201808,0.89
201809,0.89
201810,0.9
201811,0.9
201812,0.9
201901,0.91
201902,0.91
201903,0.92
201904,0.92
201905,0.92
201906,0.93
201907,0.93
201908,0.93
201909,0.94
201910,0.94
201911,0.94
201912,0.95
202001,0.96
202002,0.96
202003,0.96
202004,0.97
202005,0.97
202006,0.97
202007,0.98
202008,0.98
202009,0.98
202010,0.97
202011,0.98
202012,0.97
202101,0.96
202102,0.95
202103,0.95
202104,0.94
202105,0.94
202106,0.94
202107,0.94
202108,0.94
202109,0.94
202110,0.94
202111,0.94
202112,0.94
202201,0.94
202202,0.93
202203,0.93
202204,0.93
202205,0.93
202206,0.93
202207,0.93
202208,0.93
202209,0.93
202210,0.93
202211,0.93
202212,0.93
202301,0.93
202302,0.93
202303,0.94
202304,0.94
202305,0.94
202306,0.95
202307,0.95
202308,0.96
202309,0.97
202310,0.98
202311,0.99
202312,0.99
202401,1
202402,1.01
202403,1.01
202404,1.01
202405,1.02
202406,1.02
202407,1.03
202408,1.03
202409,1.04
202410,1.04
202411,1.05
202412,1.05
202501,1.06
202502,1.06
202503,1.06
202504,1.06
202505,1.06
202506,1.06
202507,1.07
202508,1.07